subject,idna_subject,expiration_date,epoch,registrar
00005156.com,00005156.com,18-aug-2023,1692316800.0,"GoDaddy.com, LLC"
00005359.com,00005359.com,10-apr-2023,1681084800.0,"Name.com, Inc."
00007376.com,00007376.com,08-may-2023,1683504000.0,"eNom, LLC"
00007375.com,00007375.com,12-jun-2023,1686528000.0,"Name.com, Inc."
0002244.com,0002244.com,31-dec-2024,1735603200.0,"eNom, LLC"
0004116.com,0004116.com,04-dec-2022,1670112000.0,"GoDaddy.com, LLC"
0008n.com,0008n.com,15-aug-2023,1692057600.0,"GoDaddy.com, LLC"
00115316.com,00115316.com,06-nov-2023,1699228800.0,"GoDaddy.com, LLC"
0003608.com,0003608.com,26-mar-2023,1679788800.0,"GoDaddy.com, LLC"
000706.com,000706.com,26-feb-2023,1677369600.0,"GoDaddy.com, LLC"
001358.com,001358.com,26-feb-2023,1677369600.0,"GoDaddy.com, LLC"
001359.com,001359.com,26-feb-2023,1677369600.0,"GoDaddy.com, LLC"
001371.com,001371.com,26-feb-2023,1677369600.0,"GoDaddy.com, LLC"
001372.com,001372.com,26-feb-2023,1677369600.0,"GoDaddy.com, LLC"
001533.com,001533.com,26-feb-2023,1677369600.0,"GoDaddy.com, LLC"
001699.com,001699.com,26-feb-2023,1677369600.0,"GoDaddy.com, LLC"
00225316.com,00225316.com,06-nov-2023,1699228800.0,"GoDaddy.com, LLC"
001993.com,001993.com,26-feb-2023,1677369600.0,"GoDaddy.com, LLC"
001917.com,001917.com,26-feb-2023,1677369600.0,"GoDaddy.com, LLC"
0025156.com,0025156.com,18-aug-2023,1692316800.0,"GoDaddy.com, LLC"
001992.com,001992.com,26-feb-2023,1677369600.0,"GoDaddy.com, LLC"
0030989.com,0030989.com,16-nov-2023,1700092800.0,"GoDaddy.com, LLC"
001998.com,001998.com,26-feb-2023,1677369600.0,"GoDaddy.com, LLC"
003066.com,003066.com,26-feb-2023,1677369600.0,"GoDaddy.com, LLC"
003665.com,003665.com,26-feb-2023,1677369600.0,"GoDaddy.com, LLC"
003457.com,003457.com,26-feb-2023,1677369600.0,"GoDaddy.com, LLC"
003776.com,003776.com,26-feb-2023,1677369600.0,"GoDaddy.com, LLC"
003885.com,003885.com,26-feb-2023,1677369600.0,"GoDaddy.com, LLC"
0041a.com,0041a.com,19-aug-2023,1692403200.0,"GoDaddy.com, LLC"
0044789.com,0044789.com,30-oct-2023,1698624000.0,"GoDaddy.com, LLC"
003990.com,003990.com,26-feb-2023,1677369600.0,"GoDaddy.com, LLC"
003997.com,003997.com,26-feb-2023,1677369600.0,"GoDaddy.com, LLC"
003992.com,003992.com,26-feb-2023,1677369600.0,"GoDaddy.com, LLC"
0050800.xyz,0050800.xyz,23-jul-2023,1690070400.0,"NameSilo, LLC"
003991.com,003991.com,26-feb-2023,1677369600.0,"GoDaddy.com, LLC"
0047n.com,0047n.com,15-aug-2023,1692057600.0,"GoDaddy.com, LLC"
0051130.xyz,0051130.xyz,23-jul-2023,1690070400.0,"NameSilo, LLC"
0051230.xyz,0051230.xyz,23-jul-2023,1690070400.0,"NameSilo, LLC"
0051430.xyz,0051430.xyz,23-jul-2023,1690070400.0,"NameSilo, LLC"
0051330.xyz,0051330.xyz,23-jul-2023,1690070400.0,"NameSilo, LLC"
0051a.com,0051a.com,19-aug-2023,1692403200.0,"GoDaddy.com, LLC"
0051800.xyz,0051800.xyz,23-jul-2023,1690070400.0,"NameSilo, LLC"
0051730.xyz,0051730.xyz,23-jul-2023,1690070400.0,"NameSilo, LLC"
0051530.xyz,0051530.xyz,23-jul-2023,1690070400.0,"NameSilo, LLC"
0052160.xyz,0052160.xyz,23-jul-2023,1690070400.0,"NameSilo, LLC"
0052300.xyz,0052300.xyz,23-jul-2023,1690070400.0,"NameSilo, LLC"
0052200.xyz,0052200.xyz,23-jul-2023,1690070400.0,"NameSilo, LLC"
0052500.xyz,0052500.xyz,23-jul-2023,1690070400.0,"NameSilo, LLC"
0052400.xyz,0052400.xyz,23-jul-2023,1690070400.0,"NameSilo, LLC"
0052800.xyz,0052800.xyz,23-jul-2023,1690070400.0,"NameSilo, LLC"
0053000.xyz,0053000.xyz,23-jul-2023,1690070400.0,"NameSilo, LLC"
0053100.xyz,0053100.xyz,23-jul-2023,1690070400.0,"NameSilo, LLC"
0053200.xyz,0053200.xyz,23-jul-2023,1690070400.0,"NameSilo, LLC"
0053300.xyz,0053300.xyz,23-jul-2023,1690070400.0,"NameSilo, LLC"
0053400.xyz,0053400.xyz,23-jul-2023,1690070400.0,"NameSilo, LLC"
0055450.xyz,0055450.xyz,23-jul-2023,1690070400.0,"NameSilo, LLC"
005866.com,005866.com,19-may-2023,1684454400.0,"GoDaddy.com, LLC"
005689.com,005689.com,20-feb-2023,1676851200.0,"DYNADOT, LLC"
006032.com,006032.com,19-oct-2023,1697673600.0,"GoDaddy.com, LLC"
006042.com,006042.com,29-apr-2023,1682726400.0,"GoDaddy.com, LLC"
0059.today,0059.today,21-jun-2023,1687305600.0,"GoDaddy.com, LLC"
006045.com,006045.com,29-apr-2023,1682726400.0,"GoDaddy.com, LLC"
006049.com,006049.com,29-apr-2023,1682726400.0,"GoDaddy.com, LLC"
006059.com,006059.com,19-oct-2023,1697673600.0,"GoDaddy.com, LLC"
006054.com,006054.com,29-apr-2023,1682726400.0,"GoDaddy.com, LLC"
006071.com,006071.com,19-oct-2023,1697673600.0,"GoDaddy.com, LLC"
006074.com,006074.com,29-apr-2023,1682726400.0,"GoDaddy.com, LLC"
006083.com,006083.com,19-oct-2023,1697673600.0,"GoDaddy.com, LLC"
006084.com,006084.com,29-apr-2023,1682726400.0,"GoDaddy.com, LLC"
0066608.com,0066608.com,26-mar-2023,1679788800.0,"GoDaddy.com, LLC"
0066vn.com,0066vn.com,17-aug-2024,1723852800.0,"GoDaddy.com, LLC"
0077vn.com,0077vn.com,17-aug-2024,1723852800.0,"GoDaddy.com, LLC"
006092.com,006092.com,19-oct-2023,1697673600.0,"GoDaddy.com, LLC"
0088vn.com,0088vn.com,17-aug-2024,1723852800.0,"GoDaddy.com, LLC"
008389.com,008389.com,23-mar-2023,1679529600.0,"GoDaddy.com, LLC"
00808.vip,00808.vip,14-mar-2023,1678752000.0,Go Canada Domains Inc
00800.vip,00800.vip,14-mar-2023,1678752000.0,"Go Montenegro Domains, LLC"
00885003.com,00885003.com,27-jan-2024,1706313600.0,"GoDaddy.com, LLC"
009015.com,009015.com,19-oct-2023,1697673600.0,"GoDaddy.com, LLC"
009043.com,009043.com,29-apr-2023,1682726400.0,"GoDaddy.com, LLC"
009024.com,009024.com,29-apr-2023,1682726400.0,"GoDaddy.com, LLC"
009026.com,009026.com,18-oct-2023,1697587200.0,"GoDaddy.com, LLC"
009041.com,009041.com,05-nov-2023,1699142400.0,"GoDaddy.com, LLC"
009054.com,009054.com,05-nov-2023,1699142400.0,"GoDaddy.com, LLC"
009074.com,009074.com,29-apr-2023,1682726400.0,"GoDaddy.com, LLC"
009047.com,009047.com,29-apr-2023,1682726400.0,"GoDaddy.com, LLC"
009199.com,009199.com,16-may-2023,1684195200.0,"GoDaddy.com, LLC"
009064.com,009064.com,05-nov-2023,1699142400.0,"GoDaddy.com, LLC"
0092a.com,0092a.com,19-aug-2023,1692403200.0,"GoDaddy.com, LLC"
0099vn.com,0099vn.com,17-aug-2024,1723852800.0,"GoDaddy.com, LLC"
0091198.com,0091198.com,18-aug-2023,1692316800.0,"NameCheap, Inc."
009084.com,009084.com,05-nov-2023,1699142400.0,"GoDaddy.com, LLC"
00ss5357.com,00ss5357.com,13-aug-2023,1691884800.0,"GoDaddy.com, LLC"
00cc0880.com,00cc0880.com,13-aug-2023,1691884800.0,"GoDaddy.com, LLC"
010135.xyz,010135.xyz,10-aug-2023,1691625600.0,"NameSilo, LLC"
00jj5357.com,00jj5357.com,13-aug-2023,1691884800.0,"GoDaddy.com, LLC"
010179.xyz,010179.xyz,10-aug-2023,1691625600.0,"NameSilo, LLC"
010178.xyz,010178.xyz,10-aug-2023,1691625600.0,"NameSilo, LLC"
00uu5357.com,00uu5357.com,13-aug-2023,1691884800.0,"GoDaddy.com, LLC"
010181.xyz,010181.xyz,10-aug-2023,1691625600.0,"NameSilo, LLC"
010182.xyz,010182.xyz,10-aug-2023,1691625600.0,"NameSilo, LLC"
010183.xyz,010183.xyz,10-aug-2023,1691625600.0,"NameSilo, LLC"
010187.xyz,010187.xyz,10-aug-2023,1691625600.0,"NameSilo, LLC"
010185.xyz,010185.xyz,10-aug-2023,1691625600.0,"NameSilo, LLC"
010191.xyz,010191.xyz,10-aug-2023,1691625600.0,"NameSilo, LLC"
010186.xyz,010186.xyz,10-aug-2023,1691625600.0,"NameSilo, LLC"
010192.xyz,010192.xyz,10-aug-2023,1691625600.0,"NameSilo, LLC"
0101vn.com,0101vn.com,17-aug-2024,1723852800.0,"GoDaddy.com, LLC"
010195.xyz,010195.xyz,10-aug-2023,1691625600.0,"NameSilo, LLC"
010197.xyz,010197.xyz,10-aug-2023,1691625600.0,"NameSilo, LLC"
010193.xyz,010193.xyz,10-aug-2023,1691625600.0,"NameSilo, LLC"
010227.xyz,010227.xyz,10-aug-2023,1691625600.0,"NameSilo, LLC"
010228.xyz,010228.xyz,10-aug-2023,1691625600.0,"NameSilo, LLC"
010229.xyz,010229.xyz,10-aug-2023,1691625600.0,"NameSilo, LLC"
010231.xyz,010231.xyz,10-aug-2023,1691625600.0,"NameSilo, LLC"
010232.xyz,010232.xyz,10-aug-2023,1691625600.0,"NameSilo, LLC"
010235.xyz,010235.xyz,10-aug-2023,1691625600.0,"NameSilo, LLC"
011bestk8.com,011bestk8.com,10-feb-2024,1707523200.0,"Name.com, Inc."
012bestk8.com,012bestk8.com,10-feb-2024,1707523200.0,"Name.com, Inc."
012p.live,012p.live,12-jan-2023,1673481600.0,"GoDaddy.com, LLC"
0132a.com,0132a.com,19-aug-2023,1692403200.0,"GoDaddy.com, LLC"
013123.com,013123.com,16-may-2023,1684195200.0,"GoDaddy.com, LLC"
0148a.com,0148a.com,19-aug-2023,1692403200.0,"GoDaddy.com, LLC"
013bestk8.com,013bestk8.com,10-feb-2024,1707523200.0,"Name.com, Inc."
010bestk8.com,010bestk8.com,10-feb-2024,1707523200.0,"Name.com, Inc."
0154a.com,0154a.com,19-aug-2023,1692403200.0,"GoDaddy.com, LLC"
014bestk8.com,014bestk8.com,10-feb-2024,1707523200.0,"Name.com, Inc."
016606.com,016606.com,22-apr-2023,1682121600.0,"GoDaddy.com, LLC"
015bestk8.com,015bestk8.com,10-feb-2024,1707523200.0,"Name.com, Inc."
016665.com,016665.com,22-apr-2023,1682121600.0,"GoDaddy.com, LLC"
015631.com,015631.com,23-oct-2023,1698019200.0,"GoDaddy.com, LLC"
0102677.com,0102677.com,22-nov-2023,1700611200.0,"GoDaddy.com, LLC"
016881.com,016881.com,22-apr-2023,1682121600.0,"GoDaddy.com, LLC"
0173a.com,0173a.com,19-aug-2023,1692403200.0,"GoDaddy.com, LLC"
016bestk8.com,016bestk8.com,10-feb-2024,1707523200.0,"Name.com, Inc."
017bestk8.com,017bestk8.com,10-feb-2024,1707523200.0,"Name.com, Inc."
018bestk8.com,018bestk8.com,10-feb-2024,1707523200.0,"Name.com, Inc."
01999.xyz,01999.xyz,25-feb-2023,1677283200.0,"Go Daddy, LLC"
019bestk8.com,019bestk8.com,10-feb-2024,1707523200.0,"Name.com, Inc."
01bestk8.com,01bestk8.com,10-feb-2024,1707523200.0,"Name.com, Inc."
01jsdc.com,01jsdc.com,02-jan-2023,1672617600.0,"GoDaddy.com, LLC"
01888.xyz,01888.xyz,25-feb-2023,1677283200.0,"Go Daddy, LLC"
01gamek8.com,01gamek8.com,24-sep-2023,1695513600.0,"Name.com, Inc."
0202vn.com,0202vn.com,17-aug-2024,1723852800.0,"GoDaddy.com, LLC"
023882.com,023882.com,07-jun-2023,1686096000.0,"Ascio Technologies, Inc. Danmark - Filial af Ascio technologies, Inc. USA"
01prok8.com,01prok8.com,24-sep-2023,1695513600.0,"Name.com, Inc."
020390.com,020390.com,18-feb-2023,1676678400.0,"GoDaddy.com, LLC"
024390.com,024390.com,18-feb-2023,1676678400.0,"GoDaddy.com, LLC"
02023412.com,02023412.com,19-aug-2023,1692403200.0,Web Commerce Communications Limited dba WebNic.cc
02888.xyz,02888.xyz,25-feb-2023,1677283200.0,"Go Daddy, LLC"
029390.com,029390.com,18-feb-2023,1676678400.0,"GoDaddy.com, LLC"
023xfc.com,023xfc.com,08-nov-2023,1699401600.0,Gname.com Pte. Ltd.
029688.com,029688.com,19-may-2023,1684454400.0,"GoDaddy.com, LLC"
02999.xyz,02999.xyz,25-feb-2023,1677283200.0,"Go Daddy, LLC"
02bestk8.com,02bestk8.com,10-feb-2024,1707523200.0,"Name.com, Inc."
02gamek8.com,02gamek8.com,24-sep-2023,1695513600.0,"Name.com, Inc."
02prok8.com,02prok8.com,24-sep-2023,1695513600.0,"Name.com, Inc."
030090.com,030090.com,08-sep-2023,1694131200.0,"GoDaddy.com, LLC"
030054.com,030054.com,02-may-2023,1682985600.0,"GoDaddy.com, LLC"
030014.com,030014.com,02-may-2023,1682985600.0,"GoDaddy.com, LLC"
030081.com,030081.com,02-may-2023,1682985600.0,"GoDaddy.com, LLC"
030074.com,030074.com,02-may-2023,1682985600.0,"GoDaddy.com, LLC"
0303vn.com,0303vn.com,17-aug-2024,1723852800.0,"GoDaddy.com, LLC"
030688.com,030688.com,19-may-2023,1684454400.0,"GoDaddy.com, LLC"
03037833.com,03037833.com,31-jul-2023,1690761600.0,Web Commerce Communications Limited dba WebNic.cc
031390.com,031390.com,18-feb-2023,1676678400.0,"GoDaddy.com, LLC"
030094.com,030094.com,02-may-2023,1682985600.0,"GoDaddy.com, LLC"
03122677.com,03122677.com,22-nov-2023,1700611200.0,"GoDaddy.com, LLC"
03352004.com,03352004.com,29-jun-2023,1687996800.0,"GoDaddy.com, LLC"
033777.com,033777.com,02-sep-2026,1788307200.0,"GoDaddy.com, LLC"
03182004.com,03182004.com,29-jun-2023,1687996800.0,"GoDaddy.com, LLC"
03512004.com,03512004.com,29-jun-2023,1687996800.0,"GoDaddy.com, LLC"
03532004.com,03532004.com,29-jun-2023,1687996800.0,"GoDaddy.com, LLC"
036005.com,036005.com,21-oct-2023,1697846400.0,"GoDaddy.com, LLC"
03582004.com,03582004.com,29-jun-2023,1687996800.0,"GoDaddy.com, LLC"
03641b.com,03641b.com,04-jun-2023,1685836800.0,"GoDaddy.com, LLC"
03641c.com,03641c.com,04-jun-2023,1685836800.0,"GoDaddy.com, LLC"
03641f.com,03641f.com,04-jun-2023,1685836800.0,"GoDaddy.com, LLC"
03641g.com,03641g.com,04-jun-2023,1685836800.0,"GoDaddy.com, LLC"
03641h.com,03641h.com,04-jun-2023,1685836800.0,"GoDaddy.com, LLC"
03641i.com,03641i.com,04-jun-2023,1685836800.0,"GoDaddy.com, LLC"
03641j.com,03641j.com,04-jun-2023,1685836800.0,"GoDaddy.com, LLC"
03641l.com,03641l.com,04-jun-2023,1685836800.0,"GoDaddy.com, LLC"
03641k.com,03641k.com,04-jun-2023,1685836800.0,"GoDaddy.com, LLC"
03162677.com,03162677.com,22-nov-2023,1700611200.0,"GoDaddy.com, LLC"
03152677.com,03152677.com,22-nov-2023,1700611200.0,"GoDaddy.com, LLC"
03641m.com,03641m.com,04-jun-2023,1685836800.0,"GoDaddy.com, LLC"
03641n.com,03641n.com,04-jun-2023,1685836800.0,"GoDaddy.com, LLC"
03641o.com,03641o.com,04-jun-2023,1685836800.0,"GoDaddy.com, LLC"
03641q.com,03641q.com,04-jun-2023,1685836800.0,"GoDaddy.com, LLC"
03641r.com,03641r.com,04-jun-2023,1685836800.0,"GoDaddy.com, LLC"
03641u.com,03641u.com,04-jun-2023,1685836800.0,"GoDaddy.com, LLC"
03641t.com,03641t.com,04-jun-2023,1685836800.0,"GoDaddy.com, LLC"
03641v.com,03641v.com,04-jun-2023,1685836800.0,"GoDaddy.com, LLC"
03641w.com,03641w.com,04-jun-2023,1685836800.0,"GoDaddy.com, LLC"
03641y.com,03641y.com,04-jun-2023,1685836800.0,"GoDaddy.com, LLC"
03641x.com,03641x.com,04-jun-2023,1685836800.0,"GoDaddy.com, LLC"
03772004.com,03772004.com,29-jun-2023,1687996800.0,"GoDaddy.com, LLC"
03732004.com,03732004.com,29-jun-2023,1687996800.0,"GoDaddy.com, LLC"
036788.com,036788.com,19-may-2023,1684454400.0,"GoDaddy.com, LLC"
038021.com,038021.com,02-aug-2023,1690934400.0,"GoDaddy.com, LLC"
036601.com,036601.com,31-jan-2023,1675123200.0,"GoDaddy.com, LLC"
038024.com,038024.com,02-aug-2023,1690934400.0,"GoDaddy.com, LLC"
038036.com,038036.com,01-oct-2023,1696118400.0,"GoDaddy.com, LLC"
038043.com,038043.com,02-aug-2023,1690934400.0,"GoDaddy.com, LLC"
038045.com,038045.com,02-aug-2023,1690934400.0,"GoDaddy.com, LLC"
038051.com,038051.com,02-aug-2023,1690934400.0,"GoDaddy.com, LLC"
038062.com,038062.com,02-aug-2023,1690934400.0,"GoDaddy.com, LLC"
038065.com,038065.com,02-aug-2023,1690934400.0,"GoDaddy.com, LLC"
038067.com,038067.com,02-aug-2023,1690934400.0,"GoDaddy.com, LLC"
038072.com,038072.com,02-aug-2023,1690934400.0,"GoDaddy.com, LLC"
038073.com,038073.com,02-aug-2023,1690934400.0,"GoDaddy.com, LLC"
038076.com,038076.com,02-aug-2023,1690934400.0,"GoDaddy.com, LLC"
038091.com,038091.com,02-aug-2023,1690934400.0,"GoDaddy.com, LLC"
038390.com,038390.com,18-feb-2023,1676678400.0,"GoDaddy.com, LLC"
038092.com,038092.com,02-aug-2023,1690934400.0,"GoDaddy.com, LLC"
03932004.com,03932004.com,29-jun-2023,1687996800.0,"GoDaddy.com, LLC"
03962004.com,03962004.com,29-jun-2023,1687996800.0,"GoDaddy.com, LLC"
03999.xyz,03999.xyz,25-feb-2023,1677283200.0,"Go Daddy, LLC"
040390.com,040390.com,18-feb-2023,1676678400.0,"GoDaddy.com, LLC"
03prok8.com,03prok8.com,24-sep-2023,1695513600.0,"Name.com, Inc."
03bestk8.com,03bestk8.com,10-feb-2024,1707523200.0,"Name.com, Inc."
03gamek8.com,03gamek8.com,24-sep-2023,1695513600.0,"Name.com, Inc."
0404vn.com,0404vn.com,17-aug-2024,1723852800.0,"GoDaddy.com, LLC"
041390.com,041390.com,18-feb-2023,1676678400.0,"GoDaddy.com, LLC"
043390.com,043390.com,18-feb-2023,1676678400.0,"GoDaddy.com, LLC"
042390.com,042390.com,18-feb-2023,1676678400.0,"GoDaddy.com, LLC"
044390.com,044390.com,18-feb-2023,1676678400.0,"GoDaddy.com, LLC"
0444vn.com,0444vn.com,24-aug-2024,1724457600.0,"GoDaddy.com, LLC"
04043412.com,04043412.com,19-aug-2023,1692403200.0,Web Commerce Communications Limited dba WebNic.cc
045390.com,045390.com,18-feb-2023,1676678400.0,"GoDaddy.com, LLC"
044858.com,044858.com,14-aug-2023,1691971200.0,"GoDaddy.com, LLC"
046390.com,046390.com,18-feb-2023,1676678400.0,"GoDaddy.com, LLC"
048390.com,048390.com,18-feb-2023,1676678400.0,"GoDaddy.com, LLC"
048868.com,048868.com,14-aug-2023,1691971200.0,"GoDaddy.com, LLC"
048vn.com,048vn.com,24-aug-2024,1724457600.0,"GoDaddy.com, LLC"
049390.com,049390.com,18-feb-2023,1676678400.0,"GoDaddy.com, LLC"
04382677.com,04382677.com,22-nov-2023,1700611200.0,"GoDaddy.com, LLC"
04bestk8.com,04bestk8.com,10-feb-2024,1707523200.0,"Name.com, Inc."
04372677.com,04372677.com,22-nov-2023,1700611200.0,"GoDaddy.com, LLC"
04gamek8.com,04gamek8.com,24-sep-2023,1695513600.0,"Name.com, Inc."
04prok8.com,04prok8.com,24-sep-2023,1695513600.0,"Name.com, Inc."
0505vn.com,0505vn.com,17-aug-2024,1723852800.0,"GoDaddy.com, LLC"
04712677.com,04712677.com,22-nov-2023,1700611200.0,"GoDaddy.com, LLC"
050788.com,050788.com,19-may-2023,1684454400.0,"GoDaddy.com, LLC"
05102004.com,05102004.com,29-jun-2023,1687996800.0,"GoDaddy.com, LLC"
05057833.com,05057833.com,31-jul-2023,1690761600.0,Web Commerce Communications Limited dba WebNic.cc
05112004.com,05112004.com,29-jun-2023,1687996800.0,"GoDaddy.com, LLC"
05055156.com,05055156.com,18-aug-2023,1692316800.0,"GoDaddy.com, LLC"
05132004.com,05132004.com,29-jun-2023,1687996800.0,"GoDaddy.com, LLC"
05122004.com,05122004.com,29-jun-2023,1687996800.0,"GoDaddy.com, LLC"
051390.com,051390.com,18-feb-2023,1676678400.0,"GoDaddy.com, LLC"
05182004.com,05182004.com,29-jun-2023,1687996800.0,"GoDaddy.com, LLC"
05142004.com,05142004.com,29-jun-2023,1687996800.0,"GoDaddy.com, LLC"
0509.life,0509.life,01-apr-2023,1680307200.0,"GoDaddy.com, LLC"
05272004.com,05272004.com,29-jun-2023,1687996800.0,"GoDaddy.com, LLC"
05302004.com,05302004.com,29-jun-2023,1687996800.0,"GoDaddy.com, LLC"
05192004.com,05192004.com,29-jun-2023,1687996800.0,"GoDaddy.com, LLC"
05512004.com,05512004.com,29-jun-2023,1687996800.0,"GoDaddy.com, LLC"
05332004.com,05332004.com,29-jun-2023,1687996800.0,"GoDaddy.com, LLC"
05372004.com,05372004.com,29-jun-2023,1687996800.0,"GoDaddy.com, LLC"
053144.com,053144.com,31-jan-2023,1675123200.0,"GoDaddy.com, LLC"
05522004.com,05522004.com,29-jun-2023,1687996800.0,"GoDaddy.com, LLC"
05542004.com,05542004.com,29-jun-2023,1687996800.0,"GoDaddy.com, LLC"
055520.com,055520.com,25-oct-2023,1698192000.0,"DYNADOT, LLC"
05562004.com,05562004.com,29-jun-2023,1687996800.0,"GoDaddy.com, LLC"
05572004.com,05572004.com,29-jun-2023,1687996800.0,"GoDaddy.com, LLC"
05552004.com,05552004.com,29-jun-2023,1687996800.0,"GoDaddy.com, LLC"
056866.com,056866.com,19-may-2023,1684454400.0,"GoDaddy.com, LLC"
05722004.com,05722004.com,29-jun-2023,1687996800.0,"GoDaddy.com, LLC"
05132677.com,05132677.com,22-nov-2023,1700611200.0,"GoDaddy.com, LLC"
05702004.com,05702004.com,29-jun-2023,1687996800.0,"GoDaddy.com, LLC"
0573ok.com,0573ok.com,12-nov-2023,1699747200.0,Epik Inc.
05732004.com,05732004.com,29-jun-2023,1687996800.0,"GoDaddy.com, LLC"
05772004.com,05772004.com,29-jun-2023,1687996800.0,"GoDaddy.com, LLC"
05752004.com,05752004.com,29-jun-2023,1687996800.0,"GoDaddy.com, LLC"
0577777.com,0577777.com,14-mar-2023,1678752000.0,"GoDaddy.com, LLC"
05599.vip,05599.vip,14-mar-2023,1678752000.0,"Go Montenegro Domains, LLC"
05792004.com,05792004.com,29-jun-2023,1687996800.0,"GoDaddy.com, LLC"
05802004.com,05802004.com,29-jun-2023,1687996800.0,"GoDaddy.com, LLC"
058vn.com,058vn.com,24-aug-2024,1724457600.0,"GoDaddy.com, LLC"
058390.com,058390.com,18-feb-2023,1676678400.0,"GoDaddy.com, LLC"
05888.xyz,05888.xyz,25-feb-2023,1677283200.0,"Go Daddy, LLC"
059059a.com,059059a.com,06-dec-2023,1701820800.0,"NameSilo, LLC"
0590590.com,0590590.com,06-dec-2023,1701820800.0,"NameSilo, LLC"
05912004.com,05912004.com,29-jun-2023,1687996800.0,"GoDaddy.com, LLC"
05922004.com,05922004.com,29-jun-2023,1687996800.0,"GoDaddy.com, LLC"
05942004.com,05942004.com,29-jun-2023,1687996800.0,"GoDaddy.com, LLC"
05972004.com,05972004.com,29-jun-2023,1687996800.0,"GoDaddy.com, LLC"
0595959.com,0595959.com,26-jul-2025,1753488000.0,"NameSilo, LLC"
05982004.com,05982004.com,29-jun-2023,1687996800.0,"GoDaddy.com, LLC"
05992004.com,05992004.com,29-jun-2023,1687996800.0,"GoDaddy.com, LLC"
059.life,059.life,22-may-2023,1684713600.0,"GoDaddy.com, LLC"
05999.xyz,05999.xyz,25-feb-2023,1677283200.0,"Go Daddy, LLC"
0592288.com,0592288.com,04-dec-2024,1733270400.0,"NameSilo, LLC"
059hg.live,059hg.live,22-may-2023,1684713600.0,"GoDaddy.com, LLC"
05bestk8.com,05bestk8.com,10-feb-2024,1707523200.0,"Name.com, Inc."
060456.com,060456.com,22-may-2023,1684713600.0,"GoDaddy.com, LLC"
05gamek8.com,05gamek8.com,24-sep-2023,1695513600.0,"Name.com, Inc."
059hg.website,059hg.website,22-may-2023,1684713600.0,"Go Daddy, LLC"
05prok8.com,05prok8.com,24-sep-2023,1695513600.0,"Name.com, Inc."
060588.com,060588.com,19-may-2023,1684454400.0,"GoDaddy.com, LLC"
0606vn.com,0606vn.com,17-aug-2024,1723852800.0,"GoDaddy.com, LLC"
06312004.com,06312004.com,29-jun-2023,1687996800.0,"GoDaddy.com, LLC"
063045.com,063045.com,10-nov-2023,1699574400.0,"DYNADOT, LLC"
061588.com,061588.com,19-may-2023,1684454400.0,"GoDaddy.com, LLC"
062588.com,062588.com,19-may-2023,1684454400.0,"GoDaddy.com, LLC"
06332004.com,06332004.com,29-jun-2023,1687996800.0,"GoDaddy.com, LLC"
0665app.com,0665app.com,19-oct-2023,1697673600.0,"GoDaddy.com, LLC"
0665dd.com,0665dd.com,26-dec-2022,1672012800.0,"GoDaddy.com, LLC"
064390.com,064390.com,18-feb-2023,1676678400.0,"GoDaddy.com, LLC"
0665ff.com,0665ff.com,26-dec-2022,1672012800.0,"GoDaddy.com, LLC"
066199.com,066199.com,16-may-2023,1684195200.0,"GoDaddy.com, LLC"
0665hh.com,0665hh.com,26-dec-2022,1672012800.0,"GoDaddy.com, LLC"
0665gg.com,0665gg.com,23-dec-2023,1703289600.0,"GoDaddy.com, LLC"
0665jj.com,0665jj.com,23-dec-2023,1703289600.0,"GoDaddy.com, LLC"
0665kk.com,0665kk.com,23-dec-2023,1703289600.0,"GoDaddy.com, LLC"
0665ii.com,0665ii.com,23-dec-2023,1703289600.0,"GoDaddy.com, LLC"
0665ll.com,0665ll.com,26-dec-2022,1672012800.0,"GoDaddy.com, LLC"
0665mm.com,0665mm.com,23-dec-2022,1671753600.0,"GoDaddy.com, LLC"
0665oo.com,0665oo.com,26-dec-2022,1672012800.0,"GoDaddy.com, LLC"
0665pp.com,0665pp.com,21-dec-2023,1703116800.0,"GoDaddy.com, LLC"
0665qp.com,0665qp.com,11-nov-2025,1762819200.0,"GoDaddy.com, LLC"
0665qq.com,0665qq.com,21-dec-2023,1703116800.0,"GoDaddy.com, LLC"
0665ss.com,0665ss.com,26-dec-2022,1672012800.0,"GoDaddy.com, LLC"
0665tt.com,0665tt.com,21-dec-2023,1703116800.0,"GoDaddy.com, LLC"
0665rr.com,0665rr.com,23-dec-2023,1703289600.0,"GoDaddy.com, LLC"
0665uu.com,0665uu.com,23-dec-2023,1703289600.0,"GoDaddy.com, LLC"
0665xx.com,0665xx.com,26-dec-2022,1672012800.0,"GoDaddy.com, LLC"
0665ww.com,0665ww.com,23-dec-2022,1671753600.0,"GoDaddy.com, LLC"
0665yh.com,0665yh.com,19-oct-2023,1697673600.0,"GoDaddy.com, LLC"
0665vv.com,0665vv.com,26-dec-2022,1672012800.0,"GoDaddy.com, LLC"
0665yy.com,0665yy.com,23-dec-2023,1703289600.0,"GoDaddy.com, LLC"
0665zz.com,0665zz.com,26-dec-2022,1672012800.0,"GoDaddy.com, LLC"
0666n.com,0666n.com,15-aug-2023,1692057600.0,"GoDaddy.com, LLC"
06665156.com,06665156.com,18-aug-2023,1692316800.0,"GoDaddy.com, LLC"
066h.com,066h.com,08-jul-2023,1688774400.0,"DYNADOT, LLC"
067025.com,067025.com,17-aug-2023,1692230400.0,"GoDaddy.com, LLC"
067023.com,067023.com,17-aug-2023,1692230400.0,"GoDaddy.com, LLC"
067027.com,067027.com,17-aug-2023,1692230400.0,"GoDaddy.com, LLC"
067032.com,067032.com,17-aug-2023,1692230400.0,"GoDaddy.com, LLC"
067031.com,067031.com,17-aug-2023,1692230400.0,"GoDaddy.com, LLC"
067063.com,067063.com,17-aug-2023,1692230400.0,"GoDaddy.com, LLC"
067053.com,067053.com,17-aug-2023,1692230400.0,"GoDaddy.com, LLC"
067065.com,067065.com,17-aug-2023,1692230400.0,"GoDaddy.com, LLC"
067081.com,067081.com,17-aug-2023,1692230400.0,"GoDaddy.com, LLC"
067064.com,067064.com,17-aug-2023,1692230400.0,"GoDaddy.com, LLC"
067085.com,067085.com,17-aug-2023,1692230400.0,"GoDaddy.com, LLC"
067096.com,067096.com,17-aug-2023,1692230400.0,"GoDaddy.com, LLC"
0677777.com,0677777.com,14-mar-2023,1678752000.0,"GoDaddy.com, LLC"
067855.com,067855.com,22-may-2023,1684713600.0,"GoDaddy.com, LLC"
068vn.com,068vn.com,24-aug-2024,1724457600.0,"GoDaddy.com, LLC"
068kbet.com,068kbet.com,07-jan-2023,1673049600.0,iNET CORPORATION
06888.xyz,06888.xyz,25-feb-2023,1677283200.0,"Go Daddy, LLC"
069788.com,069788.com,19-may-2023,1684454400.0,"GoDaddy.com, LLC"
06999.xyz,06999.xyz,25-feb-2023,1677283200.0,"Go Daddy, LLC"
06bestk8.com,06bestk8.com,10-feb-2024,1707523200.0,"Name.com, Inc."
06prok8.com,06prok8.com,24-sep-2023,1695513600.0,"Name.com, Inc."
06gamek8.com,06gamek8.com,24-sep-2023,1695513600.0,"Name.com, Inc."
0672004.com,0672004.com,25-mar-2023,1679702400.0,"GoDaddy.com, LLC"
0682004.com,0682004.com,25-mar-2023,1679702400.0,"GoDaddy.com, LLC"
0707vn.com,0707vn.com,17-aug-2024,1723852800.0,"GoDaddy.com, LLC"
0711a.com,0711a.com,19-aug-2023,1692403200.0,"GoDaddy.com, LLC"
070388.com,070388.com,16-may-2023,1684195200.0,"GoDaddy.com, LLC"
07142004.com,07142004.com,29-jun-2023,1687996800.0,"GoDaddy.com, LLC"
07162004.com,07162004.com,29-jun-2023,1687996800.0,"GoDaddy.com, LLC"
07172004.com,07172004.com,29-jun-2023,1687996800.0,"GoDaddy.com, LLC"
07182004.com,07182004.com,29-jun-2023,1687996800.0,"GoDaddy.com, LLC"
07332004.com,07332004.com,29-jun-2023,1687996800.0,"GoDaddy.com, LLC"
072390.com,072390.com,18-feb-2023,1676678400.0,"GoDaddy.com, LLC"
0692004.com,0692004.com,25-mar-2023,1679702400.0,"GoDaddy.com, LLC"
072788.com,072788.com,19-may-2023,1684454400.0,"GoDaddy.com, LLC"
07302004.com,07302004.com,29-jun-2023,1687996800.0,"GoDaddy.com, LLC"
07452004.com,07452004.com,29-jun-2023,1687996800.0,"GoDaddy.com, LLC"
07462004.com,07462004.com,29-jun-2023,1687996800.0,"GoDaddy.com, LLC"
07352004.com,07352004.com,29-jun-2023,1687996800.0,"GoDaddy.com, LLC"
07512004.com,07512004.com,29-jun-2023,1687996800.0,"GoDaddy.com, LLC"
07442004.com,07442004.com,29-jun-2023,1687996800.0,"GoDaddy.com, LLC"
07592004.com,07592004.com,29-jun-2023,1687996800.0,"GoDaddy.com, LLC"
07602004.com,07602004.com,29-jun-2023,1687996800.0,"GoDaddy.com, LLC"
07742004.com,07742004.com,29-jun-2023,1687996800.0,"GoDaddy.com, LLC"
07772004.com,07772004.com,29-jun-2023,1687996800.0,"GoDaddy.com, LLC"
07732004.com,07732004.com,29-jun-2023,1687996800.0,"GoDaddy.com, LLC"
07792004.com,07792004.com,29-jun-2023,1687996800.0,"GoDaddy.com, LLC"
078868.com,078868.com,14-aug-2023,1691971200.0,"GoDaddy.com, LLC"
078vn.com,078vn.com,24-aug-2024,1724457600.0,"GoDaddy.com, LLC"
07932004.com,07932004.com,29-jun-2023,1687996800.0,"GoDaddy.com, LLC"
07888.xyz,07888.xyz,25-feb-2023,1677283200.0,"Go Daddy, LLC"
07942004.com,07942004.com,29-jun-2023,1687996800.0,"GoDaddy.com, LLC"
07962004.com,07962004.com,29-jun-2023,1687996800.0,"GoDaddy.com, LLC"
07775156.com,07775156.com,18-aug-2023,1692316800.0,"GoDaddy.com, LLC"
07gamek8.com,07gamek8.com,24-sep-2023,1695513600.0,"Name.com, Inc."
07bestk8.com,07bestk8.com,10-feb-2024,1707523200.0,"Name.com, Inc."
07prok8.com,07prok8.com,24-sep-2023,1695513600.0,"Name.com, Inc."
07999.xyz,07999.xyz,25-feb-2023,1677283200.0,"Go Daddy, LLC"
08016806.com,08016806.com,11-mar-2023,1678492800.0,"GoDaddy.com, LLC"
080107.com,080107.com,26-nov-2023,1700956800.0,"DYNADOT, LLC"
080688.com,080688.com,19-may-2023,1684454400.0,"GoDaddy.com, LLC"
080456.com,080456.com,22-may-2023,1684713600.0,"GoDaddy.com, LLC"
08008.vip,08008.vip,14-mar-2023,1678752000.0,Go Australia Domains Inc
0808vn.com,0808vn.com,17-aug-2024,1723852800.0,"GoDaddy.com, LLC"
08122004.com,08122004.com,29-jun-2023,1687996800.0,"GoDaddy.com, LLC"
08162004.com,08162004.com,29-jun-2023,1687996800.0,"GoDaddy.com, LLC"
0815a.com,0815a.com,19-aug-2023,1692403200.0,"GoDaddy.com, LLC"
0792004.com,0792004.com,25-mar-2023,1679702400.0,"GoDaddy.com, LLC"
081678.com,081678.com,16-may-2023,1684195200.0,"GoDaddy.com, LLC"
0822222.com,0822222.com,14-mar-2023,1678752000.0,"GoDaddy.com, LLC"
08080.vip,08080.vip,14-mar-2023,1678752000.0,Go Australia Domains Inc
08312004.com,08312004.com,29-jun-2023,1687996800.0,"GoDaddy.com, LLC"
081855.com,081855.com,22-may-2023,1684713600.0,"GoDaddy.com, LLC"
08332004.com,08332004.com,29-jun-2023,1687996800.0,"GoDaddy.com, LLC"
08512004.com,08512004.com,29-jun-2023,1687996800.0,"GoDaddy.com, LLC"
085855.com,085855.com,22-may-2023,1684713600.0,"GoDaddy.com, LLC"
086456.com,086456.com,22-may-2023,1684713600.0,"GoDaddy.com, LLC"
08712004.com,08712004.com,29-jun-2023,1687996800.0,"GoDaddy.com, LLC"
08732004.com,08732004.com,29-jun-2023,1687996800.0,"GoDaddy.com, LLC"
08742004.com,08742004.com,29-jun-2023,1687996800.0,"GoDaddy.com, LLC"
08772004.com,08772004.com,29-jun-2023,1687996800.0,"GoDaddy.com, LLC"
08782004.com,08782004.com,29-jun-2023,1687996800.0,"GoDaddy.com, LLC"
087789.com,087789.com,22-may-2023,1684713600.0,"GoDaddy.com, LLC"
087855.com,087855.com,22-may-2023,1684713600.0,"GoDaddy.com, LLC"
0880045.com,0880045.com,19-jun-2023,1687132800.0,"GoDaddy.com, LLC"
0880049.com,0880049.com,19-jun-2023,1687132800.0,"GoDaddy.com, LLC"
08372677.com,08372677.com,22-nov-2023,1700611200.0,"GoDaddy.com, LLC"
08402677.com,08402677.com,22-nov-2023,1700611200.0,"GoDaddy.com, LLC"
0880007.com,0880007.com,08-jul-2023,1688774400.0,"GoDaddy.com, LLC"
0880061.com,0880061.com,19-jun-2023,1687132800.0,"GoDaddy.com, LLC"
0880047.com,0880047.com,19-jun-2023,1687132800.0,"GoDaddy.com, LLC"
0880099.com,0880099.com,19-jun-2023,1687132800.0,"GoDaddy.com, LLC"
08803344.com,08803344.com,15-jun-2023,1686787200.0,"GoDaddy.com, LLC"
0880081.com,0880081.com,19-jun-2023,1687132800.0,"GoDaddy.com, LLC"
08802277.com,08802277.com,15-jun-2023,1686787200.0,"GoDaddy.com, LLC"
08803322.com,08803322.com,15-jun-2023,1686787200.0,"GoDaddy.com, LLC"
08805678.com,08805678.com,17-sep-2023,1694908800.0,"GoDaddy.com, LLC"
0880393.com,0880393.com,22-jul-2023,1689984000.0,"GoDaddy.com, LLC"
08809.com,08809.com,24-nov-2023,1700784000.0,"DYNADOT, LLC"
08809.vip,08809.vip,22-apr-2024,1713744000.0,Dynadot LLC
08805544.com,08805544.com,15-jun-2023,1686787200.0,"GoDaddy.com, LLC"
08862004.com,08862004.com,29-jun-2023,1687996800.0,"GoDaddy.com, LLC"
0889a.com,0889a.com,19-aug-2023,1692403200.0,"GoDaddy.com, LLC"
08806789.com,08806789.com,17-sep-2023,1694908800.0,"GoDaddy.com, LLC"
08882004.com,08882004.com,29-jun-2023,1687996800.0,"GoDaddy.com, LLC"
08912004.com,08912004.com,29-jun-2023,1687996800.0,"GoDaddy.com, LLC"
088kbet.com,088kbet.com,08-feb-2023,1675814400.0,iNET CORPORATION
08902004.com,08902004.com,29-jun-2023,1687996800.0,"GoDaddy.com, LLC"
08922004.com,08922004.com,29-jun-2023,1687996800.0,"GoDaddy.com, LLC"
08992004.com,08992004.com,29-jun-2023,1687996800.0,"GoDaddy.com, LLC"
08972004.com,08972004.com,29-jun-2023,1687996800.0,"GoDaddy.com, LLC"
0899a.com,0899a.com,19-aug-2023,1692403200.0,"GoDaddy.com, LLC"
08999.xyz,08999.xyz,25-feb-2023,1677283200.0,"Go Daddy, LLC"
08bestk8.com,08bestk8.com,10-feb-2024,1707523200.0,"Name.com, Inc."
08gamek8.com,08gamek8.com,24-sep-2023,1695513600.0,"Name.com, Inc."
08prok8.com,08prok8.com,24-sep-2023,1695513600.0,"Name.com, Inc."
08809988.com,08809988.com,15-jun-2023,1686787200.0,"GoDaddy.com, LLC"
090074.com,090074.com,18-mar-2023,1679097600.0,"GoDaddy.com, LLC"
090043.com,090043.com,18-mar-2023,1679097600.0,"GoDaddy.com, LLC"
090054.com,090054.com,18-mar-2023,1679097600.0,"GoDaddy.com, LLC"
090019.com,090019.com,08-oct-2023,1696723200.0,"GoDaddy.com, LLC"
0909vn.com,0909vn.com,17-aug-2024,1723852800.0,"GoDaddy.com, LLC"
090082.com,090082.com,18-mar-2023,1679097600.0,"GoDaddy.com, LLC"
091040.com,091040.com,04-dec-2023,1701648000.0,"GoDaddy.com, LLC"
091041.com,091041.com,04-dec-2023,1701648000.0,"GoDaddy.com, LLC"
091042.com,091042.com,04-dec-2023,1701648000.0,"GoDaddy.com, LLC"
091045.com,091045.com,04-dec-2023,1701648000.0,"GoDaddy.com, LLC"
091046.com,091046.com,04-dec-2023,1701648000.0,"GoDaddy.com, LLC"
09102677.com,09102677.com,22-nov-2023,1700611200.0,"GoDaddy.com, LLC"
091047.com,091047.com,04-dec-2023,1701648000.0,"GoDaddy.com, LLC"
091048.com,091048.com,04-dec-2023,1701648000.0,"GoDaddy.com, LLC"
091049.com,091049.com,04-dec-2023,1701648000.0,"GoDaddy.com, LLC"
091054.com,091054.com,04-dec-2023,1701648000.0,"GoDaddy.com, LLC"
091053.com,091053.com,04-dec-2023,1701648000.0,"GoDaddy.com, LLC"
091081.com,091081.com,08-dec-2023,1701993600.0,"GoDaddy.com, LLC"
09132004.com,09132004.com,29-jun-2023,1687996800.0,"GoDaddy.com, LLC"
091090.com,091090.com,08-dec-2023,1701993600.0,"GoDaddy.com, LLC"
091052.com,091052.com,04-dec-2023,1701648000.0,"GoDaddy.com, LLC"
09142004.com,09142004.com,29-jun-2023,1687996800.0,"GoDaddy.com, LLC"
09172004.com,09172004.com,29-jun-2023,1687996800.0,"GoDaddy.com, LLC"
09192004.com,09192004.com,29-jun-2023,1687996800.0,"GoDaddy.com, LLC"
09312004.com,09312004.com,29-jun-2023,1687996800.0,"GoDaddy.com, LLC"
092588.com,092588.com,19-may-2023,1684454400.0,"GoDaddy.com, LLC"
092095.com,092095.com,19-oct-2023,1697673600.0,"GoDaddy.com, LLC"
09332004.com,09332004.com,29-jun-2023,1687996800.0,"GoDaddy.com, LLC"
09352004.com,09352004.com,29-jun-2023,1687996800.0,"GoDaddy.com, LLC"
09372004.com,09372004.com,29-jun-2023,1687996800.0,"GoDaddy.com, LLC"
09382004.com,09382004.com,29-jun-2023,1687996800.0,"GoDaddy.com, LLC"
094101.com,094101.com,25-jan-2023,1674604800.0,"GoDaddy.com, LLC"
094103.com,094103.com,25-jan-2023,1674604800.0,"GoDaddy.com, LLC"
09172677.com,09172677.com,22-nov-2023,1700611200.0,"GoDaddy.com, LLC"
093893.com,093893.com,16-oct-2023,1697414400.0,"GoDaddy.com, LLC"
094200.com,094200.com,14-jul-2023,1689292800.0,"GoDaddy.com, LLC"
09322677.com,09322677.com,22-nov-2023,1700611200.0,"GoDaddy.com, LLC"
094205.com,094205.com,25-jan-2023,1674604800.0,"GoDaddy.com, LLC"
094107.com,094107.com,25-jan-2023,1674604800.0,"GoDaddy.com, LLC"
094304.com,094304.com,25-jan-2023,1674604800.0,"GoDaddy.com, LLC"
094203.com,094203.com,25-jan-2023,1674604800.0,"GoDaddy.com, LLC"
094503.com,094503.com,26-jan-2023,1674691200.0,"GoDaddy.com, LLC"
094504.com,094504.com,26-jan-2023,1674691200.0,"GoDaddy.com, LLC"
094507.com,094507.com,26-jan-2023,1674691200.0,"GoDaddy.com, LLC"
094506.com,094506.com,26-jan-2023,1674691200.0,"GoDaddy.com, LLC"
094508.com,094508.com,26-jan-2023,1674691200.0,"GoDaddy.com, LLC"
094702.com,094702.com,26-jan-2023,1674691200.0,"GoDaddy.com, LLC"
094707.com,094707.com,26-jan-2023,1674691200.0,"GoDaddy.com, LLC"
094803.com,094803.com,26-jan-2023,1674691200.0,"GoDaddy.com, LLC"
09512004.com,09512004.com,29-jun-2023,1687996800.0,"GoDaddy.com, LLC"
094805.com,094805.com,26-jan-2023,1674691200.0,"GoDaddy.com, LLC"
094804.com,094804.com,26-jan-2023,1674691200.0,"GoDaddy.com, LLC"
09522004.com,09522004.com,29-jun-2023,1687996800.0,"GoDaddy.com, LLC"
09532004.com,09532004.com,29-jun-2023,1687996800.0,"GoDaddy.com, LLC"
094801.com,094801.com,26-jan-2023,1674691200.0,"GoDaddy.com, LLC"
0962004.com,0962004.com,25-mar-2023,1679702400.0,"GoDaddy.com, LLC"
096188.com,096188.com,19-may-2023,1684454400.0,"GoDaddy.com, LLC"
095688.com,095688.com,19-may-2023,1684454400.0,"GoDaddy.com, LLC"
0972004.com,0972004.com,25-mar-2023,1679702400.0,"GoDaddy.com, LLC"
096988.com,096988.com,19-may-2023,1684454400.0,"GoDaddy.com, LLC"
09722004.com,09722004.com,29-jun-2023,1687996800.0,"GoDaddy.com, LLC"
09532677.com,09532677.com,22-nov-2023,1700611200.0,"GoDaddy.com, LLC"
09752004.com,09752004.com,29-jun-2023,1687996800.0,"GoDaddy.com, LLC"
09542677.com,09542677.com,22-nov-2023,1700611200.0,"GoDaddy.com, LLC"
09732677.com,09732677.com,22-nov-2023,1700611200.0,"GoDaddy.com, LLC"
09722677.com,09722677.com,22-nov-2023,1700611200.0,"GoDaddy.com, LLC"
09742677.com,09742677.com,22-nov-2023,1700611200.0,"GoDaddy.com, LLC"
0982004.com,0982004.com,25-mar-2023,1679702400.0,"GoDaddy.com, LLC"
097868.com,097868.com,14-aug-2023,1691971200.0,"GoDaddy.com, LLC"
09792004.com,09792004.com,29-jun-2023,1687996800.0,"GoDaddy.com, LLC"
09902004.com,09902004.com,29-jun-2023,1687996800.0,"GoDaddy.com, LLC"
09912004.com,09912004.com,29-jun-2023,1687996800.0,"GoDaddy.com, LLC"
0992004.com,0992004.com,25-mar-2023,1679702400.0,"GoDaddy.com, LLC"
09761495.com,09761495.com,01-may-2024,1714521600.0,"GoDaddy.com, LLC"
09909.vip,09909.vip,14-mar-2023,1678752000.0,Go China Domains Inc
09952004.com,09952004.com,29-jun-2023,1687996800.0,"GoDaddy.com, LLC"
09888.xyz,09888.xyz,25-feb-2023,1677283200.0,"Go Daddy, LLC"
09771495.com,09771495.com,01-may-2024,1714521600.0,"GoDaddy.com, LLC"
09962004.com,09962004.com,29-jun-2023,1687996800.0,"GoDaddy.com, LLC"
099690.com,099690.com,28-sep-2023,1695859200.0,"GoDaddy.com, LLC"
099860.com,099860.com,15-oct-2023,1697328000.0,"GoDaddy.com, LLC"
09bestk8.com,09bestk8.com,10-feb-2024,1707523200.0,"Name.com, Inc."
09gamek8.com,09gamek8.com,24-sep-2023,1695513600.0,"Name.com, Inc."
0iplwin.com,0iplwin.com,20-jun-2023,1687219200.0,"GoDaddy.com, LLC"
09990.vip,09990.vip,14-mar-2023,1678752000.0,"GoDaddy.com, LLC"
1-1xmirror.com,1-1xmirror.com,09-nov-2023,1699488000.0,"URL Solutions, Inc."
1-2mobile.com,1-2mobile.com,13-jun-2023,1686614400.0,"NameCheap, Inc."
09prok8.com,09prok8.com,24-sep-2023,1695513600.0,"Name.com, Inc."
09995156.com,09995156.com,18-aug-2023,1692316800.0,"GoDaddy.com, LLC"
1-x-bet.com,1-x-bet.com,09-dec-2022,1670544000.0,"GoDaddy.com, LLC"
1-x-mirror.com,1-x-mirror.com,09-nov-2023,1699488000.0,"URL Solutions, Inc."
1-x-mirrors.com,1-x-mirrors.com,09-nov-2023,1699488000.0,"URL Solutions, Inc."
1-xbet-tj.com,1-xbet-tj.com,15-apr-2023,1681516800.0,"URL Solutions, Inc."
1-xmirror.com,1-xmirror.com,09-nov-2023,1699488000.0,"URL Solutions, Inc."
1-xmirrors.com,1-xmirrors.com,09-nov-2023,1699488000.0,"URL Solutions, Inc."
1-bet.bet,1-bet.bet,16-nov-2023,1700092800.0,"Key-Systems, LLC"
10048kbet.com,10048kbet.com,08-feb-2023,1675814400.0,iNET CORPORATION
0mcmc.com,0mcmc.com,27-oct-2023,1698364800.0,Web Commerce Communications Limited dba WebNic.cc
10005.vip,10005.vip,14-mar-2023,1678752000.0,Go France Domains Inc
10050539.com,10050539.com,05-nov-2023,1699142400.0,"GoDaddy.com, LLC"
10050577.com,10050577.com,05-nov-2023,1699142400.0,"GoDaddy.com, LLC"
10050594.com,10050594.com,05-nov-2023,1699142400.0,"GoDaddy.com, LLC"
10050598.com,10050598.com,05-nov-2023,1699142400.0,"GoDaddy.com, LLC"
10050592.com,10050592.com,05-nov-2023,1699142400.0,"GoDaddy.com, LLC"
10050635.com,10050635.com,05-nov-2023,1699142400.0,"GoDaddy.com, LLC"
10050701.com,10050701.com,05-nov-2023,1699142400.0,"GoDaddy.com, LLC"
10050710.com,10050710.com,05-nov-2023,1699142400.0,"GoDaddy.com, LLC"
10050711.com,10050711.com,05-nov-2023,1699142400.0,"GoDaddy.com, LLC"
10050715.com,10050715.com,05-nov-2023,1699142400.0,"GoDaddy.com, LLC"
10050743.com,10050743.com,05-nov-2023,1699142400.0,"GoDaddy.com, LLC"
10050759.com,10050759.com,05-nov-2023,1699142400.0,"GoDaddy.com, LLC"
10050766.com,10050766.com,05-nov-2023,1699142400.0,"GoDaddy.com, LLC"
10050770.com,10050770.com,05-nov-2023,1699142400.0,"GoDaddy.com, LLC"
10050793.com,10050793.com,05-nov-2023,1699142400.0,"GoDaddy.com, LLC"
10050798.com,10050798.com,05-nov-2023,1699142400.0,"GoDaddy.com, LLC"
10050794.com,10050794.com,05-nov-2023,1699142400.0,"GoDaddy.com, LLC"
10050826.com,10050826.com,05-nov-2023,1699142400.0,"GoDaddy.com, LLC"
10050817.com,10050817.com,05-nov-2023,1699142400.0,"GoDaddy.com, LLC"
10050833.com,10050833.com,05-nov-2023,1699142400.0,"GoDaddy.com, LLC"
10050835.com,10050835.com,05-nov-2023,1699142400.0,"GoDaddy.com, LLC"
101voucher.com,101voucher.com,01-oct-2023,1696118400.0,"Ascio Technologies, Inc. Danmark - Filial af Ascio technologies, Inc. USA"
10050836.com,10050836.com,05-nov-2023,1699142400.0,"GoDaddy.com, LLC"
100sleeplessnights.com,100sleeplessnights.com,23-dec-2022,1671753600.0,"GoDaddy.com, LLC"
10337896.com,10337896.com,11-mar-2023,1678492800.0,"GoDaddy.com, LLC"
105fun.com,105fun.com,14-nov-2023,1699920000.0,"GoDaddy.com, LLC"
1062004.com,1062004.com,25-mar-2023,1679702400.0,"GoDaddy.com, LLC"
102fun.com,102fun.com,14-nov-2023,1699920000.0,"GoDaddy.com, LLC"
102212.com,102212.com,24-jan-2023,1674518400.0,PDR Ltd. d/b/a PublicDomainRegistry.com
103fun.com,103fun.com,14-nov-2023,1699920000.0,"GoDaddy.com, LLC"
106833.com,106833.com,20-sep-2023,1695168000.0,"GoDaddy.com, LLC"
10808b0e0t0.com,10808b0e0t0.com,24-apr-2023,1682294400.0,"CSC Corporate Domains, Inc."
106fun.com,106fun.com,14-nov-2023,1699920000.0,"GoDaddy.com, LLC"
107fun.com,107fun.com,14-nov-2023,1699920000.0,"GoDaddy.com, LLC"
10888.xyz,10888.xyz,25-feb-2023,1677283200.0,"Go Daddy, LLC"
108kbet.com,108kbet.com,26-feb-2023,1677369600.0,iNET CORPORATION
10betbonuscode.com,10betbonuscode.com,07-jan-2023,1673049600.0,Key-Systems GmbH
10hh.vip,10hh.vip,14-dec-2023,1702512000.0,Go China Domains Inc
10gamek8.com,10gamek8.com,24-sep-2023,1695513600.0,"Name.com, Inc."
109fun.com,109fun.com,14-nov-2023,1699920000.0,"GoDaddy.com, LLC"
10bet.com,10bet.com,17-jul-2023,1689552000.0,"GoDaddy.com, LLC"
1102004.com,1102004.com,19-jun-2023,1687132800.0,"GoDaddy.com, LLC"
11003412.com,11003412.com,15-mar-2023,1678838400.0,"GoDaddy.com, LLC"
1102kabet.com,1102kabet.com,13-apr-2023,1681344000.0,iNET CORPORATION
110566.com,110566.com,22-may-2023,1684713600.0,"GoDaddy.com, LLC"
11117006.com,11117006.com,24-aug-2024,1724457600.0,"Name.com, Inc."
11130989.com,11130989.com,29-sep-2023,1695945600.0,"GoDaddy.com, LLC"
111333.site,111333.site,12-sep-2023,1694476800.0,"Go Daddy, LLC"
1112211.site,1112211.site,13-sep-2023,1694563200.0,"Go Daddy, LLC"
1114116.com,1114116.com,04-dec-2022,1670112000.0,"GoDaddy.com, LLC"
110fun.com,110fun.com,14-nov-2023,1699920000.0,"GoDaddy.com, LLC"
111win456.com,111win456.com,29-dec-2023,1703808000.0,"GoDaddy.com, LLC"
11165156.com,11165156.com,18-aug-2023,1692316800.0,"GoDaddy.com, LLC"
1122004.com,1122004.com,19-jun-2023,1687132800.0,"GoDaddy.com, LLC"
1123n.com,1123n.com,17-jul-2023,1689552000.0,"GoDaddy.com, LLC"
1131n.com,1131n.com,17-jul-2023,1689552000.0,"GoDaddy.com, LLC"
11225316.com,11225316.com,06-nov-2023,1699228800.0,"GoDaddy.com, LLC"
1132004.com,1132004.com,19-jun-2023,1687132800.0,"GoDaddy.com, LLC"
11288112.com,11288112.com,19-jun-2023,1687132800.0,PDR Ltd. d/b/a PublicDomainRegistry.com
113895.com,113895.com,10-may-2023,1683676800.0,"NameSilo, LLC"
112fun.com,112fun.com,14-nov-2023,1699920000.0,"GoDaddy.com, LLC"
1142004.com,1142004.com,19-jun-2023,1687132800.0,"GoDaddy.com, LLC"
11335156.com,11335156.com,18-aug-2023,1692316800.0,"GoDaddy.com, LLC"
11335316.com,11335316.com,06-nov-2023,1699228800.0,"GoDaddy.com, LLC"
113fn.com,113fn.com,02-dec-2023,1701475200.0,"GoDaddy.com, LLC"
113fun.com,113fun.com,14-nov-2023,1699920000.0,"GoDaddy.com, LLC"
11445156.com,11445156.com,18-aug-2023,1692316800.0,"GoDaddy.com, LLC"
1148.casino,1148.casino,04-jun-2023,1685836800.0,"GoDaddy.com, LLC"
1148005.com,1148005.com,25-oct-2023,1698192000.0,"Name.com, Inc."
1148003.com,1148003.com,25-oct-2023,1698192000.0,"Name.com, Inc."
1148007.com,1148007.com,25-oct-2023,1698192000.0,"Name.com, Inc."
1148app.com,1148app.com,18-oct-2023,1697587200.0,"Name.com, Inc."
1148d4.com,1148d4.com,17-aug-2023,1692230400.0,"Name.com, Inc."
1148d2.com,1148d2.com,17-aug-2023,1692230400.0,"Name.com, Inc."
1148d1.com,1148d1.com,17-aug-2023,1692230400.0,"Name.com, Inc."
1148d3.com,1148d3.com,17-aug-2023,1692230400.0,"Name.com, Inc."
1148d5.com,1148d5.com,17-aug-2023,1692230400.0,"Name.com, Inc."
1148d6.com,1148d6.com,17-aug-2023,1692230400.0,"Name.com, Inc."
1148d8.com,1148d8.com,17-aug-2023,1692230400.0,"Name.com, Inc."
1148h5.com,1148h5.com,17-aug-2023,1692230400.0,"Name.com, Inc."
1148d7.com,1148d7.com,17-aug-2023,1692230400.0,"Name.com, Inc."
1148d9.com,1148d9.com,17-aug-2023,1692230400.0,"Name.com, Inc."
1148dj.com,1148dj.com,24-oct-2023,1698105600.0,"Name.com, Inc."
1148h6.com,1148h6.com,17-aug-2023,1692230400.0,"Name.com, Inc."
1148h8.com,1148h8.com,17-aug-2023,1692230400.0,"Name.com, Inc."
1148h7.com,1148h7.com,17-aug-2023,1692230400.0,"Name.com, Inc."
1148h9.com,1148h9.com,17-aug-2023,1692230400.0,"Name.com, Inc."
1152004.com,1152004.com,19-jun-2023,1687132800.0,"GoDaddy.com, LLC"
1148hd.com,1148hd.com,19-jan-2024,1705622400.0,"Name.com, Inc."
1148lts.com,1148lts.com,24-oct-2023,1698105600.0,"Name.com, Inc."
115921.com,115921.com,10-may-2023,1683676800.0,"NameSilo, LLC"
1148zr.com,1148zr.com,24-oct-2023,1698105600.0,"Name.com, Inc."
116787.com,116787.com,10-may-2023,1683676800.0,"NameSilo, LLC"
1148jgj.com,1148jgj.com,24-oct-2023,1698105600.0,"Name.com, Inc."
116891.com,116891.com,10-may-2023,1683676800.0,"NameSilo, LLC"
11669.com,11669.com,24-nov-2023,1700784000.0,"NameCheap, Inc."
1168kbet.com,1168kbet.com,04-dec-2022,1670112000.0,iNET CORPORATION
116923.com,116923.com,10-may-2023,1683676800.0,"NameSilo, LLC"
116vn.com,116vn.com,24-aug-2024,1724457600.0,"GoDaddy.com, LLC"
116kbet.com,116kbet.com,05-feb-2023,1675555200.0,iNET CORPORATION
116fun.com,116fun.com,14-nov-2023,1699920000.0,"GoDaddy.com, LLC"
117vn.com,117vn.com,24-aug-2024,1724457600.0,"GoDaddy.com, LLC"
118kbet.com,118kbet.com,20-mar-2024,1710892800.0,"GoDaddy.com, LLC"
118722295.com,118722295.com,24-jun-2024,1719187200.0,"GoDaddy.com, LLC"
117fun.com,117fun.com,14-nov-2023,1699920000.0,"GoDaddy.com, LLC"
118kbet.host,118kbet.host,03-dec-2022,1670025600.0,iNET Corporation
1192004.com,1192004.com,19-jun-2023,1687132800.0,"GoDaddy.com, LLC"
118kbett.com,118kbett.com,11-jan-2023,1673395200.0,iNET CORPORATION
119vn.com,119vn.com,24-aug-2024,1724457600.0,"GoDaddy.com, LLC"
11bet.club,11bet.club,22-dec-2022,1671667200.0,"NameCheap, Inc."
118kbet.online,118kbet.online,03-dec-2022,1670025600.0,iNET Corporation
11bet.com,11bet.com,03-jun-2023,1685750400.0,"NameSilo, LLC"
11bet.life,11bet.life,19-dec-2023,1702944000.0,"GoDaddy.com, LLC"
118118vn.com,118118vn.com,02-jun-2023,1685664000.0,"NameCheap, Inc."
11bet.us,11bet.us,22-dec-2022,1671667200.0,"NameCheap, Inc."
11bet.win,11bet.win,29-dec-2025,1766966400.0,"NameSilo, LLC"
11bet.online,11bet.online,22-dec-2022,1671667200.0,Namecheap
11bettor.com,11bettor.com,13-dec-2022,1670889600.0,SafeNames Ltd.
11kk5357.com,11kk5357.com,13-aug-2023,1691884800.0,"GoDaddy.com, LLC"
11jbo.com,11jbo.com,24-oct-2023,1698105600.0,"GoDaddy.com, LLC"
11hh5357.com,11hh5357.com,13-aug-2023,1691884800.0,"GoDaddy.com, LLC"
11rr5357.com,11rr5357.com,13-aug-2023,1691884800.0,"GoDaddy.com, LLC"
11xmirror.com,11xmirror.com,09-nov-2023,1699488000.0,"URL Solutions, Inc."
11zalo.com,11zalo.com,29-oct-2023,1698537600.0,"GoDaddy.com, LLC"
12-betcasino.com,12-betcasino.com,25-mar-2023,1679702400.0,PDR Ltd. d/b/a PublicDomainRegistry.com
1212112.com,1212112.com,09-sep-2023,1694217600.0,"GoDaddy.com, LLC"
11vn77.com,11vn77.com,24-aug-2023,1692835200.0,"GoDaddy.com, LLC"
11vv5357.com,11vv5357.com,13-aug-2023,1691884800.0,"GoDaddy.com, LLC"
11casino.com,11casino.com,17-aug-2025,1755388800.0,"GoDaddy.com, LLC"
12121201.com,12121201.com,21-sep-2023,1695254400.0,"GoDaddy.com, LLC"
12121202.com,12121202.com,23-sep-2023,1695427200.0,"GoDaddy.com, LLC"
1212131.com,1212131.com,16-sep-2023,1694822400.0,"GoDaddy.com, LLC"
1212112.site,1212112.site,09-sep-2023,1694217600.0,"Go Daddy, LLC"
1212vn.com,1212vn.com,17-aug-2024,1723852800.0,"GoDaddy.com, LLC"
1212fghnna.com,1212fghnna.com,09-jun-2023,1686268800.0,PDR Ltd. d/b/a PublicDomainRegistry.com
1222004.com,1222004.com,19-jun-2023,1687132800.0,"GoDaddy.com, LLC"
1212vns.com,1212vns.com,17-aug-2024,1723852800.0,"GoDaddy.com, LLC"
1232999.com,1232999.com,28-nov-2022,1669593600.0,"GoDaddy.com, LLC"
122325.com,122325.com,26-nov-2023,1700956800.0,"NameSilo, LLC"
12127833.com,12127833.com,31-jul-2023,1690761600.0,Web Commerce Communications Limited dba WebNic.cc
12345.bet,12345.bet,12-jan-2024,1705017600.0,"GoDaddy.com, LLC"
1235188.com,1235188.com,30-jan-2023,1675036800.0,MAFF Inc.
123653.site,123653.site,23-sep-2023,1695427200.0,"Go Daddy, LLC"
1236556.site,1236556.site,23-sep-2023,1695427200.0,"Go Daddy, LLC"
123888999.com,123888999.com,19-jan-2023,1674086400.0,Gandi SAS
123b.com,123b.com,30-nov-2025,1764460800.0,"GoDaddy.com, LLC"
123b.bet,123b.bet,16-sep-2024,1726444800.0,"GoDaddy.com, LLC"
1236557.site,1236557.site,23-sep-2023,1695427200.0,"Go Daddy, LLC"
1237608.com,1237608.com,26-mar-2023,1679788800.0,"GoDaddy.com, LLC"
123b03.com,123b03.com,26-oct-2023,1698278400.0,"GoDaddy.com, LLC"
1242004.com,1242004.com,19-jun-2023,1687132800.0,"GoDaddy.com, LLC"
123b111.com,123b111.com,26-oct-2023,1698278400.0,"GoDaddy.com, LLC"
123b88.com,123b88.com,12-aug-2024,1723420800.0,"GoDaddy.com, LLC"
123win456.com,123win456.com,29-dec-2026,1798502400.0,"GoDaddy.com, LLC"
123b333.com,123b333.com,26-oct-2023,1698278400.0,"GoDaddy.com, LLC"
1262004.com,1262004.com,19-jun-2023,1687132800.0,"GoDaddy.com, LLC"
1272004.com,1272004.com,19-jun-2023,1687132800.0,"GoDaddy.com, LLC"
1252004.com,1252004.com,19-jun-2023,1687132800.0,"GoDaddy.com, LLC"
1268kbet.com,1268kbet.com,16-dec-2022,1671148800.0,iNET CORPORATION
127696.com,127696.com,26-nov-2023,1700956800.0,"NameSilo, LLC"
128682.com,128682.com,26-nov-2023,1700956800.0,"NameSilo, LLC"
126fun.com,126fun.com,14-nov-2023,1699920000.0,"GoDaddy.com, LLC"
128atm.com,128atm.com,08-feb-2025,1738972800.0,"GoDaddy.com, LLC"
1288kbet.com,1288kbet.com,08-jan-2023,1673136000.0,iNET CORPORATION
128coffee.com,128coffee.com,10-jun-2023,1686355200.0,"GoDaddy.com, LLC"
129931.com,129931.com,26-nov-2023,1700956800.0,"NameSilo, LLC"
128fun.com,128fun.com,21-feb-2023,1676937600.0,"GoDaddy.com, LLC"
12888812.com,12888812.com,13-jun-2023,1686614400.0,"GoDaddy.com, LLC"
12998877.com,12998877.com,13-jun-2023,1686614400.0,"NameCheap, Inc."
12996688.com,12996688.com,13-jun-2023,1686614400.0,"NameCheap, Inc."
12aicai.com,12aicai.com,14-may-2023,1684022400.0,PDR Ltd. d/b/a PublicDomainRegistry.com
12asia888.com,12asia888.com,13-jun-2023,1686614400.0,"GoDaddy.com, LLC"
12anywhere.com,12anywhere.com,13-jun-2023,1686614400.0,"NameCheap, Inc."
12b99.com,12b99.com,05-dec-2022,1670198400.0,"NameCheap, Inc."
12asia.com,12asia.com,25-apr-2023,1682380800.0,"NameCheap, Inc."
12bet888.com,12bet888.com,22-nov-2023,1700611200.0,PDR Ltd. d/b/a PublicDomainRegistry.com
12bet.com,12bet.com,23-jan-2023,1674432000.0,"NameCheap, Inc."
12bet8.com,12bet8.com,23-nov-2023,1700697600.0,PDR Ltd. d/b/a PublicDomainRegistry.com
12bet88.com,12bet88.com,22-nov-2023,1700611200.0,PDR Ltd. d/b/a PublicDomainRegistry.com
12betepl.com,12betepl.com,07-nov-2023,1699315200.0,"NameCheap, Inc."
12bet8888.com,12bet8888.com,22-nov-2023,1700611200.0,PDR Ltd. d/b/a PublicDomainRegistry.com
12betasians.com,12betasians.com,13-jun-2023,1686614400.0,"GoDaddy.com, LLC"
12betkk.com,12betkk.com,07-nov-2023,1699315200.0,"NameCheap, Inc."
12betcasino.us,12betcasino.us,06-oct-2023,1696550400.0,"GoDaddy.com, LLC"
12betcs.com,12betcs.com,26-dec-2022,1672012800.0,"GoDaddy.com, LLC"
12betnba.com,12betnba.com,07-nov-2023,1699315200.0,"NameCheap, Inc."
12betmy.com,12betmy.com,26-dec-2022,1672012800.0,"GoDaddy.com, LLC"
12betidr.com,12betidr.com,26-dec-2022,1672012800.0,"GoDaddy.com, LLC"
12betfinancials.com,12betfinancials.com,25-mar-2023,1679702400.0,PDR Ltd. d/b/a PublicDomainRegistry.com
12betonline.com,12betonline.com,14-jun-2023,1686700800.0,PDR Ltd. d/b/a PublicDomainRegistry.com
12betmoney.com,12betmoney.com,13-jun-2023,1686614400.0,"GoDaddy.com, LLC"
12betsb.com,12betsb.com,26-dec-2022,1672012800.0,"GoDaddy.com, LLC"
12betterodds.com,12betterodds.com,14-jun-2023,1686700800.0,PDR Ltd. d/b/a PublicDomainRegistry.com
12betting.com,12betting.com,22-nov-2023,1700611200.0,PDR Ltd. d/b/a PublicDomainRegistry.com
12betviet.com,12betviet.com,26-dec-2022,1672012800.0,"GoDaddy.com, LLC"
12betviet88.com,12betviet88.com,26-jul-2023,1690329600.0,"NameCheap, Inc."
12betvn88.com,12betvn88.com,26-jul-2023,1690329600.0,"NameCheap, Inc."
12bida.com,12bida.com,02-jun-2023,1685664000.0,"NameCheap, Inc."
12biwin.com,12biwin.com,14-may-2023,1684022400.0,PDR Ltd. d/b/a PublicDomainRegistry.com
12bo168.com,12bo168.com,13-jun-2023,1686614400.0,"GoDaddy.com, LLC"
12bo8888.com,12bo8888.com,13-jun-2023,1686614400.0,"GoDaddy.com, LLC"
12biying.com,12biying.com,22-jul-2023,1689984000.0,"NameCheap, Inc."
12boasia.com,12boasia.com,13-jun-2023,1686614400.0,"GoDaddy.com, LLC"
12bofifa.com,12bofifa.com,13-jun-2023,1686614400.0,"GoDaddy.com, LLC"
12bocai.com,12bocai.com,28-apr-2023,1682640000.0,"NameCheap, Inc."
12bocn.com,12bocn.com,24-jun-2023,1687564800.0,"NameCheap, Inc."
12bola.com,12bola.com,25-apr-2023,1682380800.0,"NameCheap, Inc."
12bole.com,12bole.com,25-apr-2023,1682380800.0,"NameCheap, Inc."
12bopan.com,12bopan.com,27-apr-2023,1682553600.0,"NameCheap, Inc."
12bwin77.com,12bwin77.com,07-nov-2023,1699315200.0,"NameCheap, Inc."
12bsports.com,12bsports.com,14-jun-2023,1686700800.0,PDR Ltd. d/b/a PublicDomainRegistry.com
12bongda.com,12bongda.com,13-jun-2023,1686614400.0,"NameCheap, Inc."
12boqiu.com,12boqiu.com,24-jun-2023,1687564800.0,"NameCheap, Inc."
12bowin.com,12bowin.com,25-apr-2023,1682380800.0,"NameCheap, Inc."
12cai.com,12cai.com,25-apr-2023,1682380800.0,"NameCheap, Inc."
12caile.com,12caile.com,25-apr-2023,1682380800.0,"NameCheap, Inc."
12caiwin.com,12caiwin.com,14-may-2023,1684022400.0,PDR Ltd. d/b/a PublicDomainRegistry.com
12cn888.com,12cn888.com,13-jun-2023,1686614400.0,"GoDaddy.com, LLC"
12fada.com,12fada.com,22-jul-2023,1689984000.0,"NameCheap, Inc."
12fafa.com,12fafa.com,14-may-2023,1684022400.0,PDR Ltd. d/b/a PublicDomainRegistry.com
12caiyun.com,12caiyun.com,22-jul-2023,1689984000.0,"NameCheap, Inc."
12cashback.com,12cashback.com,13-jun-2023,1686614400.0,"NameCheap, Inc."
12fifa.com,12fifa.com,13-jun-2023,1686614400.0,"GoDaddy.com, LLC"
12facai.com,12facai.com,27-apr-2023,1682553600.0,"NameCheap, Inc."
12faying.com,12faying.com,14-may-2023,1684022400.0,PDR Ltd. d/b/a PublicDomainRegistry.com
12fifa18.com,12fifa18.com,13-jun-2023,1686614400.0,"NameCheap, Inc."
12fuli.com,12fuli.com,02-jun-2023,1685664000.0,"NameCheap, Inc."
12globe.com,12globe.com,13-jun-2023,1686614400.0,"GoDaddy.com, LLC"
12goodtips.com,12goodtips.com,14-jun-2023,1686700800.0,PDR Ltd. d/b/a PublicDomainRegistry.com
12haocai.com,12haocai.com,25-apr-2023,1682380800.0,"NameCheap, Inc."
12haoyun88.com,12haoyun88.com,13-jun-2023,1686614400.0,"GoDaddy.com, LLC"
12haochai.com,12haochai.com,22-jul-2023,1689984000.0,"NameCheap, Inc."
12hoki.com,12hoki.com,13-jun-2023,1686614400.0,"NameCheap, Inc."
12haosheng.com,12haosheng.com,25-apr-2023,1682380800.0,"NameCheap, Inc."
12judinow.com,12judinow.com,13-jun-2023,1686614400.0,"GoDaddy.com, LLC"
12haoyun.com,12haoyun.com,25-apr-2023,1682380800.0,"NameCheap, Inc."
12lanqiu.com,12lanqiu.com,02-jun-2023,1685664000.0,"NameCheap, Inc."
12liveodds.com,12liveodds.com,14-jun-2023,1686700800.0,PDR Ltd. d/b/a PublicDomainRegistry.com
12jihui.com,12jihui.com,02-jun-2023,1685664000.0,"NameCheap, Inc."
12livetv.com,12livetv.com,14-jun-2023,1686700800.0,PDR Ltd. d/b/a PublicDomainRegistry.com
12kickoff.com,12kickoff.com,14-jun-2023,1686700800.0,PDR Ltd. d/b/a PublicDomainRegistry.com
12menang.com,12menang.com,13-jun-2023,1686614400.0,"NameCheap, Inc."
12lebo.com,12lebo.com,14-may-2023,1684022400.0,PDR Ltd. d/b/a PublicDomainRegistry.com
12letou.com,12letou.com,02-jun-2023,1685664000.0,"NameCheap, Inc."
12parlay.com,12parlay.com,14-jun-2023,1686700800.0,PDR Ltd. d/b/a PublicDomainRegistry.com
12predict.com,12predict.com,14-jun-2023,1686700800.0,PDR Ltd. d/b/a PublicDomainRegistry.com
12olahraga.com,12olahraga.com,02-jun-2023,1685664000.0,"NameCheap, Inc."
12outright.com,12outright.com,14-jun-2023,1686700800.0,PDR Ltd. d/b/a PublicDomainRegistry.com
12meng.com,12meng.com,02-jun-2023,1685664000.0,"NameCheap, Inc."
12premier.com,12premier.com,13-jun-2023,1686614400.0,"NameCheap, Inc."
12qian.com,12qian.com,14-may-2023,1684022400.0,PDR Ltd. d/b/a PublicDomainRegistry.com
12ping.com,12ping.com,02-jun-2023,1685664000.0,"NameCheap, Inc."
12qiancai.com,12qiancai.com,14-may-2023,1684022400.0,PDR Ltd. d/b/a PublicDomainRegistry.com
12qiu.com,12qiu.com,24-jun-2023,1687564800.0,"NameCheap, Inc."
12quanwin.com,12quanwin.com,14-may-2023,1684022400.0,PDR Ltd. d/b/a PublicDomainRegistry.com
12score.com,12score.com,14-jun-2023,1686700800.0,PDR Ltd. d/b/a PublicDomainRegistry.com
12premierleague.com,12premierleague.com,13-jun-2023,1686614400.0,"NameCheap, Inc."
12puke.com,12puke.com,02-jun-2023,1685664000.0,"NameCheap, Inc."
12sheng.com,12sheng.com,22-jul-2023,1689984000.0,"NameCheap, Inc."
12soonli.com,12soonli.com,22-jul-2023,1689984000.0,"NameCheap, Inc."
12sportsbet.com,12sportsbet.com,14-jun-2023,1686700800.0,PDR Ltd. d/b/a PublicDomainRegistry.com
12saiche.com,12saiche.com,02-jun-2023,1685664000.0,"NameCheap, Inc."
12saishi.com,12saishi.com,02-jun-2023,1685664000.0,"NameCheap, Inc."
12super.com,12super.com,25-apr-2023,1682380800.0,"NameCheap, Inc."
12sportsviet.com,12sportsviet.com,13-jun-2023,1686614400.0,"NameCheap, Inc."
12shouji.com,12shouji.com,02-jun-2023,1685664000.0,"NameCheap, Inc."
12sukses.com,12sukses.com,13-jun-2023,1686614400.0,"NameCheap, Inc."
12tayin.com,12tayin.com,22-jul-2023,1689984000.0,"NameCheap, Inc."
12wang.com,12wang.com,27-apr-2023,1682553600.0,"NameCheap, Inc."
12tiyu.com,12tiyu.com,03-jun-2023,1685750400.0,"NameCheap, Inc."
12tongxun.com,12tongxun.com,03-jun-2023,1685750400.0,"NameCheap, Inc."
12wet.com,12wet.com,09-apr-2023,1680998400.0,Gandi SAS
12winqiu.com,12winqiu.com,14-may-2023,1684022400.0,PDR Ltd. d/b/a PublicDomainRegistry.com
12wangqiu.com,12wangqiu.com,03-jun-2023,1685750400.0,"NameCheap, Inc."
12wanjia.com,12wanjia.com,03-jun-2023,1685750400.0,"NameCheap, Inc."
12worldcup.com,12worldcup.com,13-jun-2023,1686614400.0,"GoDaddy.com, LLC"
12winbo.com,12winbo.com,14-may-2023,1684022400.0,PDR Ltd. d/b/a PublicDomainRegistry.com
12winpan.com,12winpan.com,14-may-2023,1684022400.0,PDR Ltd. d/b/a PublicDomainRegistry.com
12xinwang.com,12xinwang.com,22-jul-2023,1689984000.0,"NameCheap, Inc."
12yazhou.com,12yazhou.com,13-jun-2023,1686614400.0,"GoDaddy.com, LLC"
12ying.com,12ying.com,27-apr-2023,1682553600.0,"NameCheap, Inc."
12yingcai.com,12yingcai.com,25-apr-2023,1682380800.0,"NameCheap, Inc."
12yingchao.com,12yingchao.com,13-jun-2023,1686614400.0,"GoDaddy.com, LLC"
12winworldcup.com,12winworldcup.com,13-jun-2023,1686614400.0,"GoDaddy.com, LLC"
12yingli.com,12yingli.com,25-apr-2023,1682380800.0,"NameCheap, Inc."
12yingqiu.com,12yingqiu.com,13-jun-2023,1686614400.0,"GoDaddy.com, LLC"
12worldcups.com,12worldcups.com,13-jun-2023,1686614400.0,"NameCheap, Inc."
12yingying.com,12yingying.com,13-jun-2023,1686614400.0,"GoDaddy.com, LLC"
130788.com,130788.com,23-mar-2023,1679529600.0,"GoDaddy.com, LLC"
130900.com,130900.com,23-mar-2023,1679529600.0,"GoDaddy.com, LLC"
131273.com,131273.com,26-nov-2023,1700956800.0,"NameSilo, LLC"
1313vn.com,1313vn.com,17-aug-2024,1723852800.0,"GoDaddy.com, LLC"
1313vns.com,1313vns.com,17-aug-2024,1723852800.0,"GoDaddy.com, LLC"
132216.com,132216.com,26-nov-2023,1700956800.0,"NameSilo, LLC"
13137833.com,13137833.com,31-jul-2023,1690761600.0,Web Commerce Communications Limited dba WebNic.cc
13071307.com,13071307.com,03-jun-2023,1685750400.0,"NameCheap, Inc."
12zixun.com,12zixun.com,03-jun-2023,1685750400.0,"NameCheap, Inc."
132393.com,132393.com,26-nov-2023,1700956800.0,"NameSilo, LLC"
1323334353.com,1323334353.com,15-apr-2023,1681516800.0,"GoDaddy.com, LLC"
1317x.com,1317x.com,11-sep-2023,1694390400.0,"GoDaddy.com, LLC"
132753.com,132753.com,26-nov-2023,1700956800.0,"NameSilo, LLC"
13303.vip,13303.vip,14-mar-2023,1678752000.0,Go Canada Domains Inc
13300.vip,13300.vip,14-mar-2023,1678752000.0,"Blue Razor Domains, LLC"
13355.vip,13355.vip,14-mar-2023,1678752000.0,Go China Domains Inc
133606.com,133606.com,23-mar-2023,1679529600.0,"GoDaddy.com, LLC"
13377.vip,13377.vip,14-mar-2023,1678752000.0,Go France Domains Inc
133851.com,133851.com,26-nov-2023,1700956800.0,"NameSilo, LLC"
136268.com,136268.com,26-nov-2023,1700956800.0,"NameSilo, LLC"
1352004.com,1352004.com,19-jun-2023,1687132800.0,"GoDaddy.com, LLC"
136671.com,136671.com,26-nov-2023,1700956800.0,"NameSilo, LLC"
1368kbet.com,1368kbet.com,16-dec-2022,1671148800.0,iNET CORPORATION
138fc.co,138fc.co,16-sep-2023,1694822400.0,Sav.com LLC
137973.com,137973.com,26-nov-2023,1700956800.0,"NameSilo, LLC"
1368kbet.top,1368kbet.top,07-jan-2023,1673049600.0,PDR Ltd
138win.co,138win.co,23-jul-2023,1690070400.0,CommuniGal Communication Ltd.
1399joycasino.com,1399joycasino.com,27-apr-2023,1682553600.0,"GoDaddy.com, LLC"
136fn.com,136fn.com,02-dec-2023,1701475200.0,"GoDaddy.com, LLC"
138588888.com,138588888.com,16-may-2024,1715817600.0,"GoDaddy.com, LLC"
1398kbet.com,1398kbet.com,05-jan-2023,1672876800.0,iNET CORPORATION
140390.com,140390.com,18-feb-2023,1676678400.0,"GoDaddy.com, LLC"
13lg8.com,13lg8.com,14-feb-2023,1676332800.0,"Name.com, Inc."
14147833.com,14147833.com,31-jul-2023,1690761600.0,Web Commerce Communications Limited dba WebNic.cc
1408kbet.com,1408kbet.com,09-feb-2023,1675900800.0,iNET CORPORATION
1414vn.com,1414vn.com,17-aug-2024,1723852800.0,"GoDaddy.com, LLC"
1414vns.com,1414vns.com,17-aug-2024,1723852800.0,"GoDaddy.com, LLC"
1390.xyz,1390.xyz,09-mar-2023,1678320000.0,Gname.com Pte. Ltd.
14404.com,14404.com,05-nov-2023,1699142400.0,"eName Technology Co., Ltd."
1444vn.com,1444vn.com,24-aug-2024,1724457600.0,"GoDaddy.com, LLC"
142648.com,142648.com,01-nov-2023,1698796800.0,"GoDaddy.com, LLC"
143390.com,143390.com,18-feb-2023,1676678400.0,"GoDaddy.com, LLC"
1455555.com,1455555.com,14-mar-2023,1678752000.0,"GoDaddy.com, LLC"
144kbet.com,144kbet.com,25-jan-2023,1674604800.0,iNET CORPORATION
147390.com,147390.com,18-feb-2023,1676678400.0,"GoDaddy.com, LLC"
146390.com,146390.com,18-feb-2023,1676678400.0,"GoDaddy.com, LLC"
148vn.com,148vn.com,24-aug-2024,1724457600.0,"GoDaddy.com, LLC"
148390.com,148390.com,18-feb-2023,1676678400.0,"GoDaddy.com, LLC"
149390.com,149390.com,18-feb-2023,1676678400.0,"GoDaddy.com, LLC"
1495mv.com,1495mv.com,18-dec-2023,1702857600.0,"GoDaddy.com, LLC"
1495sq.com,1495sq.com,27-feb-2023,1677456000.0,"GoDaddy.com, LLC"
1495ts.com,1495ts.com,04-dec-2023,1701648000.0,"GoDaddy.com, LLC"
1495u7.com,1495u7.com,13-jul-2023,1689206400.0,"GoDaddy.com, LLC"
1495u3.com,1495u3.com,13-jul-2023,1689206400.0,"GoDaddy.com, LLC"
1495z6.com,1495z6.com,16-nov-2023,1700092800.0,"GoDaddy.com, LLC"
1495z8.com,1495z8.com,16-nov-2023,1700092800.0,"GoDaddy.com, LLC"
1495vip.com,1495vip.com,22-jul-2023,1689984000.0,"GoDaddy.com, LLC"
150004.com,150004.com,26-jun-2023,1687737600.0,"DYNADOT, LLC"
14jsdc.com,14jsdc.com,02-jan-2023,1672617600.0,"GoDaddy.com, LLC"
1495z7.com,1495z7.com,16-nov-2023,1700092800.0,"GoDaddy.com, LLC"
1495z9.com,1495z9.com,16-nov-2023,1700092800.0,"GoDaddy.com, LLC"
150390.com,150390.com,18-feb-2023,1676678400.0,"GoDaddy.com, LLC"
15122app.com,15122app.com,30-dec-2024,1735516800.0,"NameSilo, LLC"
15122h.com,15122h.com,30-dec-2024,1735516800.0,"NameSilo, LLC"
150ky.com,150ky.com,05-jul-2023,1688515200.0,"GoDaddy.com, LLC"
1515vn.com,1515vn.com,17-aug-2024,1723852800.0,"GoDaddy.com, LLC"
151390.com,151390.com,18-feb-2023,1676678400.0,"GoDaddy.com, LLC"
1515vns.com,1515vns.com,17-aug-2024,1723852800.0,"GoDaddy.com, LLC"
15157833.com,15157833.com,31-jul-2023,1690761600.0,Web Commerce Communications Limited dba WebNic.cc
1516kbet.com,1516kbet.com,13-apr-2023,1681344000.0,iNET CORPORATION
151ky.com,151ky.com,05-jul-2023,1688515200.0,"GoDaddy.com, LLC"
153738.site,153738.site,14-sep-2023,1694649600.0,"Go Daddy, LLC"
1495zp.com,1495zp.com,05-nov-2023,1699142400.0,"GoDaddy.com, LLC"
153390.com,153390.com,18-feb-2023,1676678400.0,"GoDaddy.com, LLC"
152ky.com,152ky.com,05-jul-2023,1688515200.0,"GoDaddy.com, LLC"
153756.site,153756.site,14-sep-2023,1694649600.0,"Go Daddy, LLC"
153648.com,153648.com,26-oct-2023,1698278400.0,"GoDaddy.com, LLC"
153758.site,153758.site,14-sep-2023,1694649600.0,"Go Daddy, LLC"
154390.com,154390.com,18-feb-2023,1676678400.0,"GoDaddy.com, LLC"
1551234.com,1551234.com,07-mar-2023,1678147200.0,"22net, Inc."
1554211.com,1554211.com,07-mar-2023,1678147200.0,"22net, Inc."
155782.site,155782.site,06-sep-2023,1693958400.0,"Go Daddy, LLC"
154ky.com,154ky.com,05-jul-2023,1688515200.0,"GoDaddy.com, LLC"
1558212.com,1558212.com,07-mar-2023,1678147200.0,"22net, Inc."
158166.site,158166.site,29-aug-2023,1693267200.0,Gandi SAS
158vn.com,158vn.com,24-aug-2024,1724457600.0,"GoDaddy.com, LLC"
155ky.com,155ky.com,05-jul-2023,1688515200.0,"GoDaddy.com, LLC"
157ky.com,157ky.com,05-jul-2023,1688515200.0,"GoDaddy.com, LLC"
1555608.com,1555608.com,26-mar-2023,1679788800.0,"GoDaddy.com, LLC"
159ky.com,159ky.com,05-jul-2023,1688515200.0,"GoDaddy.com, LLC"
16060.vip,16060.vip,14-mar-2023,1678752000.0,"Blue Razor Domains, LLC"
160045.com,160045.com,26-apr-2023,1682467200.0,"GoDaddy.com, LLC"
160094.com,160094.com,04-nov-2023,1699056000.0,"GoDaddy.com, LLC"
16066.vip,16066.vip,14-mar-2023,1678752000.0,Go China Domains Inc
1616vn.com,1616vn.com,17-aug-2024,1723852800.0,"GoDaddy.com, LLC"
1616vns.com,1616vns.com,17-aug-2024,1723852800.0,"GoDaddy.com, LLC"
1607kbet.com,1607kbet.com,08-jan-2023,1673136000.0,iNET CORPORATION
160ky.com,160ky.com,05-jul-2023,1688515200.0,"GoDaddy.com, LLC"
162390.com,162390.com,18-feb-2023,1676678400.0,"GoDaddy.com, LLC"
161ky.com,161ky.com,05-jul-2023,1688515200.0,"GoDaddy.com, LLC"
163648.com,163648.com,26-oct-2023,1698278400.0,"GoDaddy.com, LLC"
1642004.com,1642004.com,25-mar-2023,1679702400.0,"GoDaddy.com, LLC"
16288261.com,16288261.com,27-apr-2023,1682553600.0,Gandi SAS
163kbet.fun,163kbet.fun,04-feb-2023,1675468800.0,iNET Corporation
1652004.com,1652004.com,25-mar-2023,1679702400.0,"GoDaddy.com, LLC"
165390.com,165390.com,18-feb-2023,1676678400.0,"GoDaddy.com, LLC"
1672004.com,1672004.com,25-mar-2023,1679702400.0,"GoDaddy.com, LLC"
165908.com,165908.com,15-oct-2023,1697328000.0,"GoDaddy.com, LLC"
165455.com,165455.com,15-oct-2023,1697328000.0,"GoDaddy.com, LLC"
16881sagame.com,16881sagame.com,12-apr-2024,1712880000.0,"GoDaddy.com, LLC"
168kbet.com,168kbet.com,23-sep-2023,1695427200.0,"DYNADOT, LLC"
168boleh.com,168boleh.com,13-jun-2023,1686614400.0,"GoDaddy.com, LLC"
1686986.com,1686986.com,22-may-2023,1684713600.0,Gandi SAS
168sportsbet.com,168sportsbet.com,10-nov-2023,1699574400.0,SafeNames Ltd.
167701.com,167701.com,05-nov-2023,1699142400.0,"GoDaddy.com, LLC"
16909.vip,16909.vip,05-jun-2023,1685923200.0,"eName Technology Co., Ltd."
1698x.com,1698x.com,11-sep-2023,1694390400.0,"GoDaddy.com, LLC"
16jsdc.com,16jsdc.com,02-jan-2023,1672617600.0,"GoDaddy.com, LLC"
16fun.com,16fun.com,16-aug-2023,1692144000.0,"GoDaddy.com, LLC"
1702004.com,1702004.com,25-mar-2023,1679702400.0,"GoDaddy.com, LLC"
170yh2.com,170yh2.com,26-jun-2023,1687737600.0,"NameSilo, LLC"
17000.vip,17000.vip,14-mar-2023,1678752000.0,"Blue Razor Domains, LLC"
1717vn.com,1717vn.com,17-aug-2024,1723852800.0,"GoDaddy.com, LLC"
16b88w.com,16b88w.com,29-jun-2023,1687996800.0,"GoDaddy.com, LLC"
1717vns.com,1717vns.com,17-aug-2024,1723852800.0,"GoDaddy.com, LLC"
173199.com,173199.com,22-may-2023,1684713600.0,"GoDaddy.com, LLC"
173390.com,173390.com,22-may-2024,1716336000.0,"GoDaddy.com, LLC"
160383.com,160383.com,28-jan-2023,1674864000.0,"GoDaddy.com, LLC"
177161.com,177161.com,15-sep-2023,1694736000.0,"NameCheap, Inc."
177187.com,177187.com,15-sep-2023,1694736000.0,"NameCheap, Inc."
177212.com,177212.com,15-sep-2023,1694736000.0,"NameCheap, Inc."
177271.com,177271.com,15-sep-2023,1694736000.0,"NameCheap, Inc."
177390.com,177390.com,18-feb-2023,1676678400.0,"GoDaddy.com, LLC"
17774066.com,17774066.com,15-nov-2025,1763164800.0,"Name.com, Inc."
1788kbet.com,1788kbet.com,02-jan-2023,1672617600.0,iNET CORPORATION
1786769.com,1786769.com,18-jun-2023,1687046400.0,"Name.com, Inc."
17878b7e7t.com,17878b7e7t.com,24-apr-2023,1682294400.0,"CSC Corporate Domains, Inc."
178kbet.com,178kbet.com,02-jan-2023,1672617600.0,iNET CORPORATION
177fn.com,177fn.com,02-dec-2023,1701475200.0,"GoDaddy.com, LLC"
179569.com,179569.com,31-jan-2023,1675123200.0,"GoDaddy.com, LLC"
17viva.com,17viva.com,08-apr-2023,1680912000.0,Gandi SAS
17wjbo.com,17wjbo.com,23-jun-2023,1687478400.0,"GoDaddy.com, LLC"
1802004.com,1802004.com,25-mar-2023,1679702400.0,"GoDaddy.com, LLC"
180093.com,180093.com,14-dec-2022,1670976000.0,"GoDaddy.com, LLC"
179719.com,179719.com,15-sep-2023,1694736000.0,"NameCheap, Inc."
180390.com,180390.com,18-feb-2023,1676678400.0,"GoDaddy.com, LLC"
1818vn.com,1818vn.com,17-aug-2024,1723852800.0,"GoDaddy.com, LLC"
181390.com,181390.com,18-feb-2023,1676678400.0,"GoDaddy.com, LLC"
18080.vip,18080.vip,05-jun-2023,1685923200.0,"eName Technology Co., Ltd."
18138.vip,18138.vip,05-jun-2023,1685923200.0,"eName Technology Co., Ltd."
1828kbet.com,1828kbet.com,19-dec-2022,1671408000.0,iNET CORPORATION
18189.vip,18189.vip,05-jun-2023,1685923200.0,"eName Technology Co., Ltd."
183390.com,183390.com,18-feb-2023,1676678400.0,"GoDaddy.com, LLC"
183kbet.com,183kbet.com,03-mar-2023,1677801600.0,iNET CORPORATION
1842004.com,1842004.com,25-mar-2023,1679702400.0,"GoDaddy.com, LLC"
1852004.com,1852004.com,25-mar-2023,1679702400.0,"GoDaddy.com, LLC"
184390.com,184390.com,18-feb-2023,1676678400.0,"GoDaddy.com, LLC"
1825fn.com,1825fn.com,02-sep-2023,1693612800.0,"NameCheap, Inc."
1872004.com,1872004.com,25-mar-2023,1679702400.0,"GoDaddy.com, LLC"
1862004.com,1862004.com,25-mar-2023,1679702400.0,"GoDaddy.com, LLC"
186kbet.com,186kbet.com,04-dec-2022,1670112000.0,iNET CORPORATION
188188188188b.com,188188188188b.com,13-apr-2023,1681344000.0,"Alethia Domains, LLC"
18774.com,18774.com,26-mar-2024,1711411200.0,"DYNADOT, LLC"
1886qp.com,1886qp.com,27-dec-2022,1672099200.0,"GoDaddy.com, LLC"
18833.vip,18833.vip,05-jun-2023,1685923200.0,"eName Technology Co., Ltd."
18883q.com,18883q.com,28-may-2025,1748390400.0,"NameSilo, LLC"
18873534.com,18873534.com,24-feb-2023,1677196800.0,"CSC Corporate Domains, Inc."
188188188b.com,188188188b.com,11-mar-2023,1678492800.0,"CSC Corporate Domains, Inc."
18834677.com,18834677.com,24-feb-2023,1677196800.0,"CSC Corporate Domains, Inc."
1888k8.com,1888k8.com,11-jul-2023,1689033600.0,"GoDaddy.com, LLC"
18850244.com,18850244.com,24-feb-2023,1677196800.0,"CSC Corporate Domains, Inc."
188aaaaaa.com,188aaaaaa.com,31-oct-2023,1698710400.0,"CSC Corporate Domains, Inc."
188aman.com,188aman.com,08-nov-2023,1699401600.0,"CSC Corporate Domains, Inc."
188appgame.com,188appgame.com,20-jun-2023,1687219200.0,"CSC Corporate Domains, Inc."
188a88.com,188a88.com,20-jun-2023,1687219200.0,"CSC Corporate Domains, Inc."
188asia.bet,188asia.bet,03-mar-2023,1677801600.0,"CSC Corporate Domains, Inc."
188b3et.com,188b3et.com,10-oct-2023,1696896000.0,PDR Ltd. d/b/a PublicDomainRegistry.com
188asian.com,188asian.com,22-oct-2023,1697932800.0,"CSC Corporate Domains, Inc."
188banking.com,188banking.com,29-dec-2022,1672272000.0,"CSC Corporate Domains, Inc."
188asport.com,188asport.com,15-dec-2022,1671062400.0,"CSC Corporate Domains, Inc."
188asia.com,188asia.com,25-jul-2023,1690243200.0,"CSC Corporate Domains, Inc."
188b4et.com,188b4et.com,29-may-2023,1685318400.0,"CSC Corporate Domains, Inc."
188bbbbbb.com,188bbbbbb.com,31-oct-2023,1698710400.0,"CSC Corporate Domains, Inc."
188bdt.com,188bdt.com,29-may-2023,1685318400.0,"CSC Corporate Domains, Inc."
188be5.com,188be5.com,29-may-2023,1685318400.0,"CSC Corporate Domains, Inc."
188ball188.com,188ball188.com,28-feb-2023,1677542400.0,"CSC Corporate Domains, Inc."
188bedt.com,188bedt.com,29-may-2023,1685318400.0,"CSC Corporate Domains, Inc."
188bersama.com,188bersama.com,22-jul-2023,1689984000.0,"CSC Corporate Domains, Inc."
188bet-pt.com,188bet-pt.com,23-jul-2023,1690070400.0,"CSC Corporate Domains, Inc."
188be6t.com,188be6t.com,29-may-2023,1685318400.0,"CSC Corporate Domains, Inc."
188bertaruh.com,188bertaruh.com,22-jul-2023,1689984000.0,"CSC Corporate Domains, Inc."
188bet.com,188bet.com,28-dec-2022,1672185600.0,"CSC Corporate Domains, Inc."
188bet.direct,188bet.direct,28-mar-2023,1679961600.0,"CSC Corporate Domains, Inc."
188bet.game,188bet.game,28-mar-2023,1679961600.0,CSC Corporate Domains Inc.
188bet.partners,188bet.partners,14-jun-2023,1686700800.0,"CSC Corporate Domains, Inc."
188bet.games,188bet.games,14-jun-2023,1686700800.0,"CSC Corporate Domains, Inc."
188bet.global,188bet.global,14-jun-2023,1686700800.0,"Ascio Technologies, Inc. Danmark - Filial af Ascio technologies, Inc. USA"
188bet.lol,188bet.lol,28-mar-2023,1679961600.0,CSC Corporate Domains Inc.
188bet.services,188bet.services,14-jun-2023,1686700800.0,"CSC Corporate Domains, Inc."
188betbrasil.com,188betbrasil.com,18-mar-2023,1679097600.0,"CSC Corporate Domains, Inc."
188bet.site,188bet.site,11-aug-2023,1691712000.0,CSC Corporate Domains Inc.
188betchatroom.com,188betchatroom.com,11-jul-2023,1689033600.0,"CSC Corporate Domains, Inc."
188betbola.com,188betbola.com,23-jul-2023,1690070400.0,"CSC Corporate Domains, Inc."
188betcn2.com,188betcn2.com,17-mar-2023,1679011200.0,"CSC Corporate Domains, Inc."
188bet.win,188bet.win,10-aug-2023,1691625600.0,"CSC Corporate Domains, Inc."
188betinformation.com,188betinformation.com,11-oct-2023,1696982400.0,"CSC Corporate Domains, Inc."
188betchs.com,188betchs.com,08-apr-2023,1680912000.0,"CSC Corporate Domains, Inc."
188betg.com,188betg.com,30-may-2023,1685404800.0,"CSC Corporate Domains, Inc."
188betlives.com,188betlives.com,10-nov-2023,1699574400.0,"GoDaddy.com, LLC"
188betme.com,188betme.com,19-sep-2030,1916006400.0,"GoDaddy.com, LLC"
188betpromo.com,188betpromo.com,04-jan-2023,1672790400.0,"CSC Corporate Domains, Inc."
188betgames.com,188betgames.com,23-jul-2023,1690070400.0,"CSC Corporate Domains, Inc."
188betnow.com,188betnow.com,05-apr-2023,1680652800.0,"CSC Corporate Domains, Inc."
188betting.com,188betting.com,12-feb-2023,1676160000.0,"CSC Corporate Domains, Inc."
188bettings.com,188bettings.com,19-sep-2023,1695081600.0,"GoDaddy.com, LLC"
188betmail.com,188betmail.com,05-aug-2023,1691193600.0,"CSC Corporate Domains, Inc."
188bettop1.com,188bettop1.com,10-nov-2030,1920499200.0,"GoDaddy.com, LLC"
188betmedia.com,188betmedia.com,29-oct-2023,1698537600.0,"CSC Corporate Domains, Inc."
188betxxx.com,188betxxx.com,23-jul-2023,1690070400.0,"CSC Corporate Domains, Inc."
188bget.com,188bget.com,30-may-2023,1685404800.0,"CSC Corporate Domains, Inc."
188bongdaso.com,188bongdaso.com,13-mar-2023,1678665600.0,"CSC Corporate Domains, Inc."
188bongdavn.com,188bongdavn.com,05-apr-2023,1680652800.0,"CSC Corporate Domains, Inc."
188betwinner.com,188betwinner.com,20-jun-2023,1687219200.0,"CSC Corporate Domains, Inc."
188bongvn.com,188bongvn.com,05-apr-2023,1680652800.0,"CSC Corporate Domains, Inc."
188bowls.com,188bowls.com,12-oct-2023,1697068800.0,"CSC Corporate Domains, Inc."
188chatroom.com,188chatroom.com,11-jul-2023,1689033600.0,"CSC Corporate Domains, Inc."
188bst.com,188bst.com,30-may-2023,1685404800.0,"CSC Corporate Domains, Inc."
188budi.com,188budi.com,08-nov-2023,1699401600.0,"CSC Corporate Domains, Inc."
188chat.com,188chat.com,11-feb-2023,1676073600.0,"CSC Corporate Domains, Inc."
188contents.com,188contents.com,30-jul-2023,1690675200.0,"CSC Corporate Domains, Inc."
188chg.com,188chg.com,17-may-2023,1684281600.0,"CSC Corporate Domains, Inc."
188choibong.com,188choibong.com,13-mar-2023,1678665600.0,"CSC Corporate Domains, Inc."
188club88.com,188club88.com,20-jun-2023,1687219200.0,"CSC Corporate Domains, Inc."
188connexion.com,188connexion.com,29-jul-2023,1690588800.0,"CSC Corporate Domains, Inc."
188dota.com,188dota.com,24-feb-2023,1677196800.0,"CSC Corporate Domains, Inc."
188euro.com,188euro.com,30-apr-2023,1682812800.0,"CSC Corporate Domains, Inc."
188easyaccess.com,188easyaccess.com,29-jul-2023,1690588800.0,"CSC Corporate Domains, Inc."
188ddddd.com,188ddddd.com,01-dec-2022,1669852800.0,"CSC Corporate Domains, Inc."
188email.com,188email.com,05-aug-2023,1691193600.0,"CSC Corporate Domains, Inc."
188f1.com,188f1.com,21-aug-2023,1692576000.0,"CSC Corporate Domains, Inc."
188f1play.com,188f1play.com,21-aug-2023,1692576000.0,"CSC Corporate Domains, Inc."
188gamepro.com,188gamepro.com,05-apr-2023,1680652800.0,"CSC Corporate Domains, Inc."
188fun.com,188fun.com,12-feb-2023,1676160000.0,"CSC Corporate Domains, Inc."
188giaitri.com,188giaitri.com,24-feb-2023,1677196800.0,"CSC Corporate Domains, Inc."
188goal.com,188goal.com,11-sep-2023,1694390400.0,"CSC Corporate Domains, Inc."
188interaction.com,188interaction.com,12-feb-2023,1676160000.0,"CSC Corporate Domains, Inc."
188gogogo.com,188gogogo.com,15-apr-2023,1681516800.0,"CSC Corporate Domains, Inc."
188hcm.com,188hcm.com,21-dec-2022,1671580800.0,"CSC Corporate Domains, Inc."
188huo.com,188huo.com,07-jun-2023,1686096000.0,"CSC Corporate Domains, Inc."
188japanbaseball.com,188japanbaseball.com,13-sep-2023,1694563200.0,"CSC Corporate Domains, Inc."
188japan.com,188japan.com,30-aug-2023,1693353600.0,"CSC Corporate Domains, Inc."
188jbbty.com,188jbbty.com,13-feb-2023,1676246400.0,"CSC Corporate Domains, Inc."
188keo.com,188keo.com,05-apr-2023,1680652800.0,"CSC Corporate Domains, Inc."
188keomoivn.com,188keomoivn.com,24-feb-2023,1677196800.0,"CSC Corporate Domains, Inc."
188key188.com,188key188.com,28-feb-2023,1677542400.0,"CSC Corporate Domains, Inc."
188ko188.com,188ko188.com,28-feb-2023,1677542400.0,"CSC Corporate Domains, Inc."
188kyccn.com,188kyccn.com,13-aug-2023,1691884800.0,"CSC Corporate Domains, Inc."
188kycid.com,188kycid.com,13-aug-2023,1691884800.0,"CSC Corporate Domains, Inc."
188kyccn2.com,188kyccn2.com,13-aug-2023,1691884800.0,"CSC Corporate Domains, Inc."
188kycid2.com,188kycid2.com,13-aug-2023,1691884800.0,"CSC Corporate Domains, Inc."
188kyckr.com,188kyckr.com,13-aug-2023,1691884800.0,"CSC Corporate Domains, Inc."
188kyckr2.com,188kyckr2.com,13-aug-2023,1691884800.0,"CSC Corporate Domains, Inc."
188kycth.com,188kycth.com,13-aug-2023,1691884800.0,"CSC Corporate Domains, Inc."
188kycth2.com,188kycth2.com,13-aug-2023,1691884800.0,"CSC Corporate Domains, Inc."
188lcsn.com,188lcsn.com,20-jun-2023,1687219200.0,"CSC Corporate Domains, Inc."
188kycvn.com,188kycvn.com,13-aug-2023,1691884800.0,"CSC Corporate Domains, Inc."
188kycvn2.com,188kycvn2.com,13-aug-2023,1691884800.0,"CSC Corporate Domains, Inc."
188likeit.com,188likeit.com,15-apr-2023,1681516800.0,"CSC Corporate Domains, Inc."
188letters.com,188letters.com,13-aug-2023,1691884800.0,"CSC Corporate Domains, Inc."
188liveracing.com,188liveracing.com,15-apr-2023,1681516800.0,"CSC Corporate Domains, Inc."
188line.com,188line.com,12-oct-2023,1697068800.0,"CSC Corporate Domains, Inc."
188mac.com,188mac.com,28-feb-2023,1677542400.0,"CSC Corporate Domains, Inc."
188mac188.com,188mac188.com,28-feb-2023,1677542400.0,"CSC Corporate Domains, Inc."
188mcc.com,188mcc.com,26-may-2023,1685059200.0,"CSC Corporate Domains, Inc."
188micro.com,188micro.com,01-apr-2023,1680307200.0,"CSC Corporate Domains, Inc."
188lotto.com,188lotto.com,20-jun-2023,1687219200.0,"CSC Corporate Domains, Inc."
188moingay.com,188moingay.com,24-feb-2023,1677196800.0,"CSC Corporate Domains, Inc."
188mtv.com,188mtv.com,28-feb-2023,1677542400.0,"CSC Corporate Domains, Inc."
188nba188.com,188nba188.com,28-feb-2023,1677542400.0,"CSC Corporate Domains, Inc."
188mtv188.com,188mtv188.com,28-feb-2023,1677542400.0,"CSC Corporate Domains, Inc."
188nasgor.com,188nasgor.com,08-nov-2023,1699401600.0,"CSC Corporate Domains, Inc."
188nhacai.com,188nhacai.com,13-mar-2023,1678665600.0,"CSC Corporate Domains, Inc."
188niuniu.com,188niuniu.com,20-jun-2023,1687219200.0,"CSC Corporate Domains, Inc."
188oddsgood.com,188oddsgood.com,17-jul-2023,1689552000.0,"CSC Corporate Domains, Inc."
188parlay.com,188parlay.com,20-jun-2023,1687219200.0,"CSC Corporate Domains, Inc."
188promo.com,188promo.com,05-aug-2023,1691193600.0,"CSC Corporate Domains, Inc."
188onlinegames.com,188onlinegames.com,05-apr-2023,1680652800.0,"CSC Corporate Domains, Inc."
188ppsport.com,188ppsport.com,21-aug-2023,1692576000.0,"CSC Corporate Domains, Inc."
188products.com,188products.com,30-nov-2022,1669766400.0,"CSC Corporate Domains, Inc."
188pscn.com,188pscn.com,13-aug-2023,1691884800.0,"CSC Corporate Domains, Inc."
188psid.com,188psid.com,13-aug-2023,1691884800.0,"CSC Corporate Domains, Inc."
188psid2.com,188psid2.com,13-aug-2023,1691884800.0,"CSC Corporate Domains, Inc."
188pskr.com,188pskr.com,13-aug-2023,1691884800.0,"CSC Corporate Domains, Inc."
188pscn2.com,188pscn2.com,13-aug-2023,1691884800.0,"CSC Corporate Domains, Inc."
188pskr2.com,188pskr2.com,13-aug-2023,1691884800.0,"CSC Corporate Domains, Inc."
188psth.com,188psth.com,13-aug-2023,1691884800.0,"CSC Corporate Domains, Inc."
188psth2.com,188psth2.com,13-aug-2023,1691884800.0,"CSC Corporate Domains, Inc."
188psvn.com,188psvn.com,13-aug-2023,1691884800.0,"CSC Corporate Domains, Inc."
188psvn2.com,188psvn2.com,13-aug-2023,1691884800.0,"CSC Corporate Domains, Inc."
188qrcode.com,188qrcode.com,19-may-2023,1684454400.0,"CSC Corporate Domains, Inc."
188real.com,188real.com,15-apr-2023,1681516800.0,"CSC Corporate Domains, Inc."
188rgcn.com,188rgcn.com,13-aug-2023,1691884800.0,"CSC Corporate Domains, Inc."
